at_index,sr_index,max_year,min_year,distance,class,at_year,sr_year
0,0,2005,2005,0.0,0,2005,2005
0,1,2006,2005,0.2500001554765824,0,2005,2006
0,2,2014,2005,5.0,1,2005,2014
0,3,2020,2005,4.249997664897999,1,2005,2020
0,4,2005,1996,2.7500001554765823,1,2005,1996
0,5,2010,2005,4.5,1,2005,2010
0,6,2008,2005,2.000000310953165,1,2005,2008
0,7,2008,2005,2.0,1,2005,2008
0,8,2013,2005,3.2499973539534333,1,2005,2013
0,9,2005,2005,0.0,0,2005,2005
0,10,2017,2005,5.0000003109531646,1,2005,2017
0,11,2016,2005,6.0,1,2005,2016
0,12,2015,2005,4.0,1,2005,2015
0,13,2005,2004,1.0,0,2005,2004
0,14,2005,2004,1.0000052920931335,0,2005,2004
0,15,2013,2005,3.0,1,2005,2013
0,16,2012,2005,3.2500001554765827,1,2005,2012
0,17,2016,2005,4.4999947079068665,1,2005,2016
0,18,2011,2005,4.5000052920931335,1,2005,2011
0,19,2017,2005,2.500000310953165,1,2005,2017
0,20,2006,2005,3.999997509430016,1,2005,2006
0,21,2020,2005,4.250002646046567,1,2005,2020
0,22,2016,2005,3.500154112916795,1,2005,2016
0,23,2017,2005,4.4999947079068665,1,2005,2017
1,0,2006,2005,0.0,0,2006,2005
1,1,2006,2006,0.0,0,2006,2006
1,2,2014,2006,5.0,1,2006,2014
1,3,2020,2006,3.749997664897999,1,2006,2020
1,4,2006,1996,2.2500001554765823,1,2006,1996
1,5,2010,2006,3.499994707906866,1,2006,2010
1,6,2008,2006,1.999995018860031,0,2006,2008
1,7,2008,2006,1.5000052920931335,0,2006,2008
1,8,2013,2006,3.0,1,2006,2013
1,9,2006,2005,0.0,0,2006,2005
1,10,2017,2006,4.5000003109531646,1,2006,2017
1,11,2016,2006,6.0,1,2006,2016
1,12,2015,2006,4.0,1,2006,2015
1,13,2006,2004,0.4999947079068662,0,2006,2004
1,14,2006,2004,0.5000052920931338,0,2006,2004
1,15,2013,2006,2.500154112916795,1,2006,2013
1,16,2012,2006,3.2500001554765827,1,2006,2012
1,17,2016,2006,4.4999947079068665,1,2006,2016
1,18,2011,2006,3.9998406126009662,1,2006,2011
1,19,2017,2006,2.499995018860031,1,2006,2017
1,20,2006,2006,3.749994863383448,1,2006,2006
1,21,2020,2006,4.250002646046567,1,2006,2020
1,22,2016,2006,3.500154112916795,1,2006,2016
1,23,2017,2006,4.4999947079068665,1,2006,2017
24,0,2005,2004,0.0,0,2004,2005
24,1,2006,2004,0.0,0,2004,2006
24,2,2014,2004,4.0,1,2004,2014
24,3,2020,2004,3.749997664897999,1,2004,2020
24,4,2004,1996,0.7499998445234176,0,2004,1996
24,5,2010,2004,3.499994707906866,1,2004,2010
24,6,2008,2004,1.999995018860031,0,2004,2008
24,7,2008,2004,2.500005292093134,1,2004,2008
24,8,2013,2004,3.0,1,2004,2013
24,9,2005,2004,0.0,0,2004,2005
24,10,2017,2004,4.5000003109531646,1,2004,2017
24,11,2016,2004,4.4999947079068665,1,2004,2016
24,12,2015,2004,3.499994707906866,1,2004,2015
24,13,2004,2004,0.4999947079068662,0,2004,2004
24,14,2004,2004,0.0,0,2004,2004
24,15,2013,2004,2.0,1,2004,2013
24,16,2012,2004,2.7499948633834483,1,2004,2012
24,17,2016,2004,1.499994707906866,0,2004,2016
24,18,2011,2004,3.0001594050099287,1,2004,2011
24,19,2017,2004,2.499995018860031,1,2004,2017
24,20,2006,2004,0.0,0,2004,2006
24,21,2020,2004,2.750156758963362,1,2004,2020
24,22,2016,2004,0.4999947079068662,0,2004,2016
24,23,2017,2004,3.749985884989629,1,2004,2017
25,0,2015,2005,4.4999947079068665,1,2015,2005
25,1,2015,2006,4.5000003109531646,1,2015,2006
25,2,2015,2014,6.499835320507832,1,2015,2014
25,3,2020,2015,4.749997664897999,1,2015,2020
25,4,2015,1996,4.250000155476583,1,2015,1996
25,5,2015,2010,7.0,1,2015,2010
25,6,2015,2008,4.999995018860031,1,2015,2008
25,7,2015,2008,4.000159405009929,1,2015,2008
25,8,2015,2013,4.4999947079068665,1,2015,2013
25,9,2015,2005,4.0,1,2015,2005
25,10,2017,2015,5.999995018860031,1,2015,2017
25,11,2016,2015,7.0,1,2015,2016
25,12,2015,2015,5.0,1,2015,2015
25,13,2015,2004,5.0,1,2015,2004
25,14,2015,2004,2.500005292093134,1,2015,2004
25,15,2015,2013,3.4998353205078323,1,2015,2013
25,16,2015,2012,4.749994863383449,1,2015,2012
25,17,2016,2015,5.500154112916794,1,2015,2016
25,18,2015,2011,5.5000052920931335,1,2015,2011
25,19,2017,2015,5.0000003109531646,1,2015,2017
25,20,2015,2006,5.749994863383449,1,2015,2006
25,21,2020,2015,5.749200592989409,1,2015,2020
25,22,2016,2015,4.499835320507832,1,2015,2016
25,23,2017,2015,6.0,1,2015,2017
2,0,2014,2005,3.499994707906866,1,2014,2005
2,1,2014,2006,4.5000003109531646,1,2014,2006
2,2,2014,2014,0.0,0,2014,2014
2,3,2020,2014,0.0,0,2014,2020
2,4,2014,1996,3.749994863383449,1,2014,1996
2,5,2014,2010,10.499197946942845,1,2014,2010
2,6,2014,2008,6.00015442386996,1,2014,2008
2,7,2014,2008,4.5000052920931335,1,2014,2008
2,8,2014,2013,0.0,0,2014,2013
2,9,2014,2005,4.0,1,2014,2005
2,10,2017,2014,4.999995018860031,1,2014,2017
2,11,2016,2014,2.0,1,2014,2016
2,12,2015,2014,0.0,0,2014,2015
2,13,2014,2004,5.0,1,2014,2004
2,14,2014,2004,3.9998406126009662,1,2014,2004
2,15,2014,2013,5.499197946942842,1,2014,2013
2,16,2014,2012,6.250000155476583,1,2014,2012
2,17,2016,2014,2.0,1,2014,2016
2,18,2014,2011,5.999203239035976,1,2014,2011
2,19,2017,2014,6.50015442386996,1,2014,2017
2,20,2014,2006,10.250000155476584,1,2014,2006
2,21,2020,2014,1.749997353953433,0,2014,2020
2,22,2016,2014,0.0,0,2014,2016
2,23,2017,2014,0.5000046702040022,0,2014,2017
3,0,2020,2005,7.250236487892452,1,2020,2005
3,1,2020,2006,5.5000003109531646,1,2020,2006
3,2,2020,2014,2.7499973539534333,1,2020,2014
3,3,2020,2020,0.0,0,2020,2020
3,4,2020,1996,7.499917815730498,1,2020,1996
3,5,2020,2010,9.999197946942845,1,2020,2010
3,6,2020,2008,5.5000003109531646,1,2020,2008
3,7,2020,2008,6.750241779985586,1,2020,2008
3,8,2020,2013,5.250077056458397,1,2020,2013
3,9,2020,2005,7.249598973471421,1,2020,2005
3,10,2020,2017,3.749997664906598,1,2020,2017
3,11,2020,2016,3.749997353953433,1,2020,2016
3,12,2020,2015,2.7499973539534333,1,2020,2015
3,13,2020,2004,6.7495989734714215,1,2020,2004
3,14,2020,2004,4.750241779985586,1,2020,2004
3,15,2020,2013,5.5,1,2020,2013
3,16,2020,2012,7.499917815730498,1,2020,2012
3,17,2020,2016,2.7499973539534333,1,2020,2016
3,18,2020,2011,5.5000052920931335,1,2020,2011
3,19,2020,2017,6.999995027665479,1,2020,2017
3,20,2020,2006,10.750000155476584,1,2020,2006
3,21,2020,2020,6.499601619517988,1,2020,2020
3,22,2020,2016,4.749917660253916,1,2020,2016
3,23,2020,2017,2.2499973539534333,1,2020,2017
4,0,2005,1996,0.5,0,1996,2005
4,1,2006,1996,0.5000024905785835,0,1996,2006
4,2,2014,1996,3.5,1,1996,2014
4,3,2020,1996,4.250072075309829,1,1996,2020
4,4,1996,1996,0.0,0,1996,1996
4,5,2010,1996,2.2499998445234177,1,1996,2010
4,6,2008,1996,3.249997664906598,1,1996,2008
4,7,2008,1996,1.750002646046567,0,1996,2008
4,8,2013,1996,3.2499973539534333,1,1996,2013
4,9,2005,1996,0.749997353953433,0,1996,2005
4,10,2017,1996,4.249997664906598,1,1996,2017
4,11,2016,1996,5.0,1,1996,2016
4,12,2015,1996,2.999994707906866,1,1996,2015
4,13,2004,1996,0.5,0,1996,2004
4,14,2004,1996,0.7500026460465669,0,1996,2004
4,15,2013,1996,2.0,1,1996,2013
4,16,2012,1996,2.4999975094300155,1,1996,2012
4,17,2016,1996,4.0,1,1996,2016
4,18,2011,1996,3.000005292093133,1,1996,2011
4,19,2017,1996,1.749997664906598,0,1996,2017
4,20,2006,1996,3.5,1,1996,2006
4,21,2020,1996,4.250002646046567,1,1996,2020
4,22,2016,1996,0.0,0,1996,2016
4,23,2017,1996,3.2499973539534333,1,1996,2017
26,0,2015,2005,6.0,1,2015,2005
26,1,2015,2006,6.999835631460997,1,2015,2006
26,2,2015,2014,3.0,1,2015,2014
26,3,2020,2015,4.499983549887629,1,2015,2020
26,4,2015,1996,7.250000155476583,1,2015,1996
26,5,2015,2010,10.74903842646678,1,2015,2010
26,6,2015,2008,7.5000003109531646,1,2015,2008
26,7,2015,2008,5.5000052920931335,1,2015,2008
26,8,2015,2013,3.749985884989629,1,2015,2013
26,9,2015,2005,6.0,1,2015,2005
26,10,2017,2015,7.999835631460997,1,2015,2017
26,11,2016,2015,4.0,1,2015,2016
26,12,2015,2015,2.0,1,2015,2015
26,13,2015,2004,6.0,1,2015,2004
26,14,2015,2004,5.5000052920931335,1,2015,2004
26,15,2015,2013,6.0,1,2015,2013
26,16,2015,2012,8.250000155476583,1,2015,2012
26,17,2016,2015,4.0,1,2015,2016
26,18,2015,2011,6.5000052920931335,1,2015,2011
26,19,2017,2015,8.750554969867327,1,2015,2017
26,20,2015,2006,10.250000155476584,1,2015,2006
26,21,2020,2015,3.2500026460465667,1,2015,2020
26,22,2016,2015,2.0,1,2015,2016
26,23,2017,2015,3.0,1,2015,2017
5,0,2010,2005,6.0,1,2010,2005
5,1,2010,2006,4.5000003109531646,1,2010,2006
5,2,2014,2010,9.0,1,2010,2014
5,3,2020,2010,6.249832985405831,1,2010,2020
5,4,2010,1996,4.250000155476583,1,2010,1996
5,5,2010,2010,0.0,0,2010,2010
5,6,2010,2008,2.999995018860031,1,2010,2008
5,7,2010,2008,3.0,1,2010,2008
5,8,2013,2010,4.4999947079068665,1,2010,2013
5,9,2010,2005,5.0,1,2010,2005
5,10,2017,2010,5.5000003109531646,1,2010,2017
5,11,2016,2010,6.500154112916794,1,2010,2016
5,12,2015,2010,7.0,1,2010,2015
5,13,2010,2004,2.499994707906866,1,2010,2004
5,14,2010,2004,0.0,0,2010,2004
5,15,2013,2010,0.0,0,2010,2013
5,16,2012,2010,2.7499948633834483,1,2010,2012
5,17,2016,2010,7.500472975784904,1,2010,2016
5,18,2011,2010,3.0001594050099287,1,2010,2011
5,19,2017,2010,2.000000310953165,1,2010,2017
5,20,2010,2006,5.749994863383449,1,2010,2006
5,21,2020,2010,6.250002646046567,1,2010,2020
5,22,2016,2010,5.500472975784904,1,2010,2016
5,23,2017,2010,8.0,1,2010,2017
27,0,2005,2004,1.0,0,2004,2005
27,1,2006,2004,0.5000003109531649,0,2004,2006
27,2,2014,2004,5.0,1,2004,2014
27,3,2020,2004,4.749997664897999,1,2004,2020
27,4,2004,1996,2.2500001554765823,1,2004,1996
27,5,2010,2004,5.0,1,2004,2010
27,6,2008,2004,2.500000310953165,1,2004,2008
27,7,2008,2004,3.0,1,2004,2008
27,8,2013,2004,4.0,1,2004,2013
27,9,2005,2004,0.4999947079068662,0,2004,2005
27,10,2017,2004,4.5000003109531646,1,2004,2017
27,11,2016,2004,5.74998588498963,1,2004,2016
27,12,2015,2004,4.4999947079068665,1,2004,2015
27,13,2004,2004,1.0,0,2004,2004
27,14,2004,2004,1.5000052920931335,0,2004,2004
27,15,2013,2004,3.0,1,2004,2013
27,16,2012,2004,3.2500001554765827,1,2004,2012
27,17,2016,2004,2.0,1,2004,2016
27,18,2011,2004,3.500005292093134,1,2004,2011
27,19,2017,2004,3.000000310953165,1,2004,2017
27,20,2006,2004,3.2500001554765827,1,2004,2006
27,21,2020,2004,4.250002646046567,1,2004,2020
27,22,2016,2004,1.0,0,2004,2016
27,23,2017,2004,5.0,1,2004,2017
28,0,2016,2005,6.0,1,2016,2005
28,1,2016,2006,4.999995018860031,1,2016,2006
28,2,2016,2014,4.0,1,2016,2014
28,3,2020,2016,3.749997664897999,1,2016,2020
28,4,2016,1996,6.250000155476583,1,2016,1996
28,5,2016,2010,8.0,1,2016,2010
28,6,2016,2008,6.5000003109531646,1,2016,2008
28,7,2016,2008,4.5000052920931335,1,2016,2008
28,8,2016,2013,3.499994707906866,1,2016,2013
28,9,2016,2005,5.0,1,2016,2005
28,10,2017,2016,3.500000310953165,1,2016,2017
28,11,2016,2016,4.0,1,2016,2016
28,12,2016,2015,3.499994707906866,1,2016,2015
28,13,2016,2004,4.499835320507832,1,2016,2004
28,14,2016,2004,3.500005292093134,1,2016,2004
28,15,2016,2013,4.0,1,2016,2013
28,16,2016,2012,6.250000155476583,1,2016,2012
28,17,2016,2016,1.0,0,2016,2016
28,18,2016,2011,5.000478267878038,1,2016,2011
28,19,2017,2016,6.0000003109531646,1,2016,2017
28,20,2016,2006,4.250000155476583,1,2016,2006
28,21,2020,2016,3.2500026460465667,1,2016,2020
28,22,2016,2016,4.499835320507832,1,2016,2016
28,23,2017,2016,3.0,1,2016,2017
29,0,2015,2005,4.0,1,2015,2005
29,1,2015,2006,4.5000003109531646,1,2015,2006
29,2,2015,2014,6.0,1,2015,2014
29,3,2020,2015,5.250151777814793,1,2015,2020
29,4,2015,1996,5.250000155476583,1,2015,1996
29,5,2015,2010,6.500154112916794,1,2015,2010
29,6,2015,2008,5.5000003109531646,1,2015,2008
29,7,2015,2008,4.250180743476951,1,2015,2008
29,8,2015,2013,5.0,1,2015,2013
29,9,2015,2005,4.500154112916794,1,2015,2005
29,10,2017,2015,5.999995018860031,1,2015,2017
29,11,2016,2015,6.500154112916794,1,2015,2016
29,12,2015,2015,5.500154112916794,1,2015,2015
29,13,2015,2004,3.0,1,2015,2004
29,14,2015,2004,2.500005292093134,1,2015,2004
29,15,2015,2013,3.0,1,2015,2013
29,16,2015,2012,5.250000155476583,1,2015,2012
29,17,2016,2015,5.0,1,2015,2016
29,18,2015,2011,4.5000052920931335,1,2015,2011
29,19,2017,2015,5.499995018860031,1,2015,2017
29,20,2015,2006,6.250000155476583,1,2015,2006
29,21,2020,2015,6.250002646046567,1,2015,2020
29,22,2016,2015,3.500154112916795,1,2015,2016
29,23,2017,2015,6.0,1,2015,2017
6,0,2008,2005,0.5000046702040022,0,2008,2005
6,1,2008,2006,0.0,0,2008,2006
6,2,2014,2008,4.4999947079068665,1,2008,2014
6,3,2020,2008,3.249992372804865,1,2008,2020
6,4,2008,1996,2.7499948633834483,1,2008,1996
6,5,2010,2008,2.499994707906866,1,2008,2010
6,6,2008,2008,0.0,0,2008,2008
6,7,2008,2008,0.0,0,2008,2008
6,8,2013,2008,2.499994707906866,1,2008,2013
6,9,2008,2005,0.4999947079068662,0,2008,2005
6,10,2017,2008,3.999995018860031,1,2008,2017
6,11,2016,2008,5.4999947079068665,1,2008,2016
6,12,2015,2008,4.0,1,2008,2015
6,13,2008,2004,0.4999947079068662,0,2008,2004
6,14,2008,2004,0.0,0,2008,2004
6,15,2013,2008,1.499994707906866,0,2008,2013
6,16,2012,2008,3.749994863383448,1,2008,2012
6,17,2016,2008,4.0,1,2008,2016
6,18,2011,2008,3.9998406126009662,1,2008,2011
6,19,2017,2008,3.499995018860031,1,2008,2017
6,20,2008,2006,5.749994863383449,1,2008,2006
6,21,2020,2008,4.750475621831471,1,2008,2020
6,22,2016,2008,3.500154112916795,1,2008,2016
6,23,2017,2008,4.4999947079068665,1,2008,2017
7,0,2008,2005,0.0,0,2008,2005
7,1,2008,2006,0.0,0,2008,2006
7,2,2014,2008,4.4999947079068665,1,2008,2014
7,3,2020,2008,3.749997664897999,1,2008,2020
7,4,2008,1996,2.7499948633834483,1,2008,1996
7,5,2010,2008,2.0,1,2008,2010
7,6,2008,2008,0.0,0,2008,2008
7,7,2008,2008,0.0,0,2008,2008
7,8,2013,2008,2.499994707906866,1,2008,2013
7,9,2008,2005,0.4999947079068662,0,2008,2005
7,10,2017,2008,3.999995018860031,1,2008,2017
7,11,2016,2008,6.0,1,2008,2016
7,12,2015,2008,3.499994707906866,1,2008,2015
7,13,2008,2004,1.499994707906866,0,2008,2004
7,14,2008,2004,0.0,0,2008,2004
7,15,2013,2008,2.0,1,2008,2013
7,16,2012,2008,3.749994863383448,1,2008,2012
7,17,2016,2008,4.4999947079068665,1,2008,2016
7,18,2011,2008,3.9998406126009662,1,2008,2011
7,19,2017,2008,3.499995018860031,1,2008,2017
7,20,2008,2006,5.749994863383449,1,2008,2006
7,21,2020,2008,3.7498379665544,1,2008,2020
7,22,2016,2008,3.0,1,2008,2016
7,23,2017,2008,4.0,1,2008,2017
30,0,2014,2005,2.499994707906866,1,2014,2005
30,1,2014,2006,4.5000003109531646,1,2014,2006
30,2,2014,2014,3.0,1,2014,2014
30,3,2020,2014,5.749997664897999,1,2014,2020
30,4,2014,1996,5.250000155476583,1,2014,1996
30,5,2014,2010,4.4999947079068665,1,2014,2010
30,6,2014,2008,5.5000003109531646,1,2014,2008
30,7,2014,2008,3.0,1,2014,2008
30,8,2014,2013,1.0,0,2014,2013
30,9,2014,2005,3.0,1,2014,2005
30,10,2017,2014,4.5000003109531646,1,2014,2017
30,11,2016,2014,3.0,1,2014,2016
30,12,2015,2014,1.499994707906866,0,2014,2015
30,13,2014,2004,2.499994707906866,1,2014,2004
30,14,2014,2004,1.0,0,2014,2004
30,15,2014,2013,2.0,1,2014,2013
30,16,2014,2012,3.749994863383448,1,2014,2012
30,17,2016,2014,3.499994707906866,1,2014,2016
30,18,2014,2011,4.5000052920931335,1,2014,2011
30,19,2017,2014,5.0000003109531646,1,2014,2017
30,20,2014,2006,5.749994863383449,1,2014,2006
30,21,2020,2014,3.2500026460465667,1,2014,2020
30,22,2016,2014,2.0,1,2014,2016
30,23,2017,2014,3.0,1,2014,2017
31,0,2018,2005,9.0,1,2018,2005
31,1,2018,2006,8.500000310953165,1,2018,2006
31,2,2018,2014,5.0,1,2018,2014
31,3,2020,2018,1.749997664897999,0,2018,2020
31,4,2018,1996,9.250000155476584,1,2018,1996
31,5,2018,2010,10.0,1,2018,2010
31,6,2018,2008,8.500000310953165,1,2018,2008
31,7,2018,2008,7.500005292093133,1,2018,2008
31,8,2018,2013,7.0,1,2018,2013
31,9,2018,2005,7.0,1,2018,2005
31,10,2018,2017,4.5000003109531646,1,2018,2017
31,11,2018,2016,5.0,1,2018,2016
31,12,2018,2015,4.4999947079068665,1,2018,2015
31,13,2018,2004,7.0,1,2018,2004
31,14,2018,2004,5.5000052920931335,1,2018,2004
31,15,2018,2013,6.0,1,2018,2013
31,16,2018,2012,8.250000155476583,1,2018,2012
31,17,2018,2016,4.0,1,2018,2016
31,18,2018,2011,6.5000052920931335,1,2018,2011
31,19,2018,2017,9.000000310953165,1,2018,2017
31,20,2018,2006,10.250000155476584,1,2018,2006
31,21,2020,2018,7.250002646046567,1,2018,2020
31,22,2018,2016,6.0,1,2018,2016
31,23,2018,2017,4.4999947079068665,1,2018,2017
8,0,2013,2005,4.0,1,2013,2005
8,1,2013,2006,3.500000310953165,1,2013,2006
8,2,2014,2013,2.0,1,2013,2014
8,3,2020,2013,4.749997664897999,1,2013,2020
8,4,2013,1996,4.250000155476583,1,2013,1996
8,5,2013,2010,5.4999947079068665,1,2013,2010
8,6,2013,2008,4.999995018860031,1,2013,2008
8,7,2013,2008,3.0,1,2013,2008
8,8,2013,2013,0.0,0,2013,2013
8,9,2013,2005,3.0,1,2013,2005
8,10,2017,2013,3.999995018860031,1,2013,2017
8,11,2016,2013,2.499994707906866,1,2013,2016
8,12,2015,2013,1.0,0,2013,2015
8,13,2013,2004,3.0,1,2013,2004
8,14,2013,2004,2.500005292093134,1,2013,2004
8,15,2013,2013,2.500154112916795,1,2013,2013
8,16,2013,2012,4.749994863383449,1,2013,2012
8,17,2016,2013,4.0,1,2013,2016
8,18,2013,2011,4.5000052920931335,1,2013,2011
8,19,2017,2013,4.499995018860031,1,2013,2017
8,20,2013,2006,6.250000155476583,1,2013,2006
8,21,2020,2013,2.2500026460465667,1,2013,2020
8,22,2016,2013,1.0,0,2013,2016
8,23,2017,2013,3.0,1,2013,2017
32,0,2018,2005,9.499197946942845,1,2018,2005
32,1,2018,2006,8.500000310953165,1,2018,2006
32,2,2018,2014,6.0,1,2018,2014
32,3,2020,2018,2.749997664897999,1,2018,2020
32,4,2018,1996,9.250000155476584,1,2018,1996
32,5,2018,2010,11.0,1,2018,2010
32,6,2018,2008,9.500000310953164,1,2018,2008
32,7,2018,2008,7.500005292093133,1,2018,2008
32,8,2018,2013,7.500472975784904,1,2018,2013
32,9,2018,2005,7.499197946942842,1,2018,2005
32,10,2018,2017,5.5000003109531646,1,2018,2017
32,11,2018,2016,6.0,1,2018,2016
32,12,2018,2015,5.0,1,2018,2015
32,13,2018,2004,7.0,1,2018,2004
32,14,2018,2004,6.5000052920931335,1,2018,2004
32,15,2018,2013,6.0,1,2018,2013
32,16,2018,2012,8.749198102419424,1,2018,2012
32,17,2018,2016,5.0,1,2018,2016
32,18,2018,2011,6.5000052920931335,1,2018,2011
32,19,2018,2017,9.000000310953165,1,2018,2017
32,20,2018,2006,11.250000155476584,1,2018,2006
32,21,2020,2018,7.250002646046567,1,2018,2020
32,22,2018,2016,6.0,1,2018,2016
32,23,2018,2017,5.500154112916794,1,2018,2017
33,0,2018,2005,9.499197946942845,1,2018,2005
33,1,2018,2006,8.00047328673807,1,2018,2006
33,2,2018,2014,5.500154112916794,1,2018,2014
33,3,2020,2018,2.749997664897999,1,2018,2020
33,4,2018,1996,9.250000155476584,1,2018,1996
33,5,2018,2010,11.0,1,2018,2010
33,6,2018,2008,9.500000310953164,1,2018,2008
33,7,2018,2008,7.500005292093133,1,2018,2008
33,8,2018,2013,7.500472975784904,1,2018,2013
33,9,2018,2005,7.499197946942842,1,2018,2005
33,10,2018,2017,4.5000003109531646,1,2018,2017
33,11,2018,2016,5.74998588498963,1,2018,2016
33,12,2018,2015,5.0,1,2018,2015
33,13,2018,2004,7.0,1,2018,2004
33,14,2018,2004,5.999203239035976,1,2018,2004
33,15,2018,2013,6.499197946942842,1,2018,2013
33,16,2018,2012,9.250000155476584,1,2018,2012
33,17,2018,2016,5.0,1,2018,2016
33,18,2018,2011,6.5000052920931335,1,2018,2011
33,19,2018,2017,9.000000310953165,1,2018,2017
33,20,2018,2006,11.250000155476584,1,2018,2006
33,21,2020,2018,7.250002646046567,1,2018,2020
33,22,2018,2016,6.0,1,2018,2016
33,23,2018,2017,5.0,1,2018,2017
34,0,2018,2005,10.0,1,2018,2005
34,1,2018,2006,8.500000310953165,1,2018,2006
34,2,2018,2014,6.0,1,2018,2014
34,3,2020,2018,2.249992372804865,1,2018,2020
34,4,2018,1996,9.250000155476584,1,2018,1996
34,5,2018,2010,11.0,1,2018,2010
34,6,2018,2008,9.500000310953164,1,2018,2008
34,7,2018,2008,7.500005292093133,1,2018,2008
34,8,2018,2013,7.0,1,2018,2013
34,9,2018,2005,7.499197946942842,1,2018,2005
34,10,2018,2017,4.5000003109531646,1,2018,2017
34,11,2018,2016,6.0,1,2018,2016
34,12,2018,2015,5.0,1,2018,2015
34,13,2018,2004,7.0,1,2018,2004
34,14,2018,2004,6.5000052920931335,1,2018,2004
34,15,2018,2013,7.0,1,2018,2013
34,16,2018,2012,9.250000155476584,1,2018,2012
34,17,2018,2016,5.0,1,2018,2016
34,18,2018,2011,6.5000052920931335,1,2018,2011
34,19,2018,2017,9.000000310953165,1,2018,2017
34,20,2018,2006,11.250000155476584,1,2018,2006
34,21,2020,2018,7.250002646046567,1,2018,2020
34,22,2018,2016,6.0,1,2018,2016
34,23,2018,2017,6.0,1,2018,2017
9,0,2005,2005,0.0,0,2005,2005
9,1,2006,2005,0.0,0,2005,2006
9,2,2014,2005,5.500154112916794,1,2005,2014
9,3,2020,2005,4.249992372804865,1,2005,2020
9,4,2005,1996,2.7499948633834483,1,2005,1996
9,5,2010,2005,4.4999947079068665,1,2005,2010
9,6,2008,2005,1.999995018860031,0,2005,2008
9,7,2008,2005,2.500005292093134,1,2005,2008
9,8,2013,2005,3.499994707906866,1,2005,2013
9,9,2005,2005,0.0,0,2005,2005
9,10,2017,2005,4.999995018860031,1,2005,2017
9,11,2016,2005,6.0,1,2005,2016
9,12,2015,2005,4.4999947079068665,1,2005,2015
9,13,2005,2004,1.0,0,2005,2004
9,14,2005,2004,1.0,0,2005,2004
9,15,2013,2005,3.4998353205078323,1,2005,2013
9,16,2012,2005,3.2500001554765827,1,2005,2012
9,17,2016,2005,4.4999947079068665,1,2005,2016
9,18,2011,2005,5.000478267878038,1,2005,2011
9,19,2017,2005,2.499995018860031,1,2005,2017
9,20,2006,2005,3.749994863383448,1,2005,2006
9,21,2020,2005,5.250002646046567,1,2005,2020
9,22,2016,2005,3.500154112916795,1,2005,2016
9,23,2017,2005,5.0,1,2005,2017
35,0,2008,2005,1.499994707906866,0,2008,2005
35,1,2008,2006,1.5000003109531648,0,2008,2006
35,2,2014,2008,5.0,1,2008,2014
35,3,2020,2008,4.749997664897999,1,2008,2020
35,4,2008,1996,4.250000155476583,1,2008,1996
35,5,2010,2008,4.0,1,2008,2010
35,6,2008,2008,1.5000003109531648,0,2008,2008
35,7,2008,2008,2.0,1,2008,2008
35,8,2013,2008,3.499994707906866,1,2008,2013
35,9,2008,2005,2.0,1,2008,2005
35,10,2017,2008,4.5000003109531646,1,2008,2017
35,11,2016,2008,4.4999947079068665,1,2008,2016
35,12,2015,2008,3.499994707906866,1,2008,2015
35,13,2008,2004,2.0,1,2008,2004
35,14,2008,2004,0.0,0,2008,2004
35,15,2013,2008,2.0,1,2008,2013
35,16,2012,2008,4.250000155476583,1,2008,2012
35,17,2016,2008,4.0,1,2008,2016
35,18,2011,2008,3.500005292093134,1,2008,2011
35,19,2017,2008,4.499995018860031,1,2008,2017
35,20,2008,2006,6.250000155476583,1,2008,2006
35,21,2020,2008,4.250002646046567,1,2008,2020
35,22,2016,2008,3.0,1,2008,2016
35,23,2017,2008,3.499994707906866,1,2008,2017
10,0,2017,2005,4.0,1,2017,2005
10,1,2017,2006,2.999995018860031,1,2017,2006
10,2,2017,2014,3.499994707906866,1,2017,2014
10,3,2020,2017,0.7499976648979989,0,2017,2020
10,4,2017,1996,4.749994863383449,1,2017,1996
10,5,2017,2010,6.500154112916794,1,2017,2010
10,6,2017,2008,4.5000003109531646,1,2017,2008
10,7,2017,2008,4.000159405009929,1,2017,2008
10,8,2017,2013,2.499994707906866,1,2017,2013
10,9,2017,2005,2.0,1,2017,2005
10,10,2017,2017,0.0,0,2017,2017
10,11,2017,2016,4.0,1,2017,2016
10,12,2017,2015,2.499994707906866,1,2017,2015
10,13,2017,2004,3.500154112916795,1,2017,2004
10,14,2017,2004,1.5000052920931335,0,2017,2004
10,15,2017,2013,2.500154112916795,1,2017,2013
10,16,2017,2012,4.749994863383449,1,2017,2012
10,17,2017,2016,1.0,0,2017,2016
10,18,2017,2011,3.500005292093134,1,2017,2011
10,19,2017,2017,4.499995018860031,1,2017,2017
10,20,2017,2006,6.750154268393377,1,2017,2006
10,21,2020,2017,3.2500026460465667,1,2017,2020
10,22,2017,2016,2.0,1,2017,2016
10,23,2017,2017,3.499994707906866,1,2017,2017
36,0,2015,2005,2.499994707906866,1,2015,2005
36,1,2015,2006,2.500000310953165,1,2015,2006
36,2,2015,2014,7.500472975784904,1,2015,2014
36,3,2020,2015,6.749997664897999,1,2015,2020
36,4,2015,1996,5.250000155476583,1,2015,1996
36,5,2015,2010,4.0,1,2015,2010
36,6,2015,2008,6.00015442386996,1,2015,2008
36,7,2015,2008,4.5000052920931335,1,2015,2008
36,8,2015,2013,6.0,1,2015,2013
36,9,2015,2005,3.0,1,2015,2005
36,10,2017,2015,6.5000003109531646,1,2015,2017
36,11,2016,2015,6.0,1,2015,2016
36,12,2015,2015,7.0,1,2015,2015
36,13,2015,2004,2.0,1,2015,2004
36,14,2015,2004,1.5000052920931335,0,2015,2004
36,15,2015,2013,1.0,0,2015,2013
36,16,2015,2012,3.2500001554765827,1,2015,2012
36,17,2016,2015,7.0,1,2015,2016
36,18,2015,2011,5.5000052920931335,1,2015,2011
36,19,2017,2015,2.000000310953165,1,2015,2017
36,20,2015,2006,6.250000155476583,1,2015,2006
36,21,2020,2015,6.250002646046567,1,2015,2020
36,22,2016,2015,5.0,1,2015,2016
36,23,2017,2015,7.0,1,2015,2017
37,0,2006,2005,2.499994707906866,1,2006,2005
37,1,2006,2006,3.2499861959427943,1,2006,2006
37,2,2014,2006,6.499835320507832,1,2006,2014
37,3,2020,2006,5.749997664897999,1,2006,2020
37,4,2006,1996,4.250000155476583,1,2006,1996
37,5,2010,2006,5.0,1,2006,2010
37,6,2008,2006,4.999995018860031,1,2006,2008
37,7,2008,2006,3.500005292093134,1,2006,2008
37,8,2013,2006,4.0,1,2006,2013
37,9,2006,2005,3.0,1,2006,2005
37,10,2017,2006,5.5000003109531646,1,2006,2017
37,11,2016,2006,5.4999947079068665,1,2006,2016
37,12,2015,2006,5.500154112916794,1,2006,2015
37,13,2006,2004,2.0,1,2006,2004
37,14,2006,2004,1.0,0,2006,2004
37,15,2013,2006,3.4998353205078323,1,2006,2013
37,16,2012,2006,3.749994863383448,1,2006,2012
37,17,2016,2006,3.499994707906866,1,2006,2016
37,18,2011,2006,3.500005292093134,1,2006,2011
37,19,2017,2006,4.0000003109531646,1,2006,2017
37,20,2006,2006,1.2500001554765825,0,2006,2006
37,21,2020,2006,4.750475621831471,1,2006,2020
37,22,2016,2006,4.499835320507832,1,2006,2016
37,23,2017,2006,5.500154112916794,1,2006,2017
38,0,2014,2005,7.0,1,2014,2005
38,1,2014,2006,7.5000003109531646,1,2014,2006
38,2,2014,2014,3.0,1,2014,2014
38,3,2020,2014,4.749997664897999,1,2014,2020
38,4,2014,1996,6.750154268393377,1,2014,1996
38,5,2014,2010,10.0,1,2014,2010
38,6,2014,2008,8.00047328673807,1,2014,2008
38,7,2014,2008,6.5000052920931335,1,2014,2008
38,8,2014,2013,2.0,1,2014,2013
38,9,2014,2005,6.0,1,2014,2005
38,10,2017,2014,7.5000003109531646,1,2014,2017
38,11,2016,2014,3.0,1,2014,2016
38,12,2015,2014,1.0,0,2014,2015
38,13,2014,2004,6.0,1,2014,2004
38,14,2014,2004,4.5000052920931335,1,2014,2004
38,15,2014,2013,5.0,1,2014,2013
38,16,2014,2012,7.7504731312614865,1,2014,2012
38,17,2016,2014,3.0,1,2014,2016
38,18,2014,2011,6.5000052920931335,1,2014,2011
38,19,2017,2014,8.50047328673807,1,2014,2017
38,20,2014,2006,10.250000155476584,1,2014,2006
38,21,2020,2014,3.2500026460465667,1,2014,2020
38,22,2016,2014,1.499994707906866,0,2014,2016
38,23,2017,2014,3.0,1,2014,2017
39,0,2013,2005,5.0,1,2013,2005
39,1,2013,2006,6.999835631460997,1,2013,2006
39,2,2014,2013,3.0,1,2013,2014
39,3,2020,2013,6.749997664897999,1,2013,2020
39,4,2013,1996,7.250000155476583,1,2013,1996
39,5,2013,2010,10.0,1,2013,2010
39,6,2013,2008,7.5000003109531646,1,2013,2008
39,7,2013,2008,5.5000052920931335,1,2013,2008
39,8,2013,2013,3.0,1,2013,2013
39,9,2013,2005,5.0,1,2013,2005
39,10,2017,2013,5.999995018860031,1,2013,2017
39,11,2016,2013,4.0,1,2013,2016
39,12,2015,2013,3.0,1,2013,2015
39,13,2013,2004,5.0,1,2013,2004
39,14,2013,2004,5.5000052920931335,1,2013,2004
39,15,2013,2013,5.0,1,2013,2013
39,16,2013,2012,8.250000155476583,1,2013,2012
39,17,2016,2013,5.0,1,2013,2016
39,18,2013,2011,5.5000052920931335,1,2013,2011
39,19,2017,2013,8.000000310953165,1,2013,2017
39,20,2013,2006,9.250000155476584,1,2013,2006
39,21,2020,2013,1.2500026460465667,0,2013,2020
39,22,2016,2013,2.0,1,2013,2016
39,23,2017,2013,2.0,1,2013,2017
40,0,2017,2005,5.0,1,2017,2005
40,1,2017,2006,5.5000003109531646,1,2017,2006
40,2,2017,2014,3.499994707906866,1,2017,2014
40,3,2020,2017,6.249832985405831,1,2017,2020
40,4,2017,1996,6.250000155476583,1,2017,1996
40,5,2017,2010,10.0,1,2017,2010
40,6,2017,2008,7.5000003109531646,1,2017,2008
40,7,2017,2008,6.5000052920931335,1,2017,2008
40,8,2017,2013,3.0,1,2017,2013
40,9,2017,2005,5.499835320507832,1,2017,2005
40,10,2017,2017,5.999995018860031,1,2017,2017
40,11,2017,2016,4.0,1,2017,2016
40,12,2017,2015,3.0,1,2017,2015
40,13,2017,2004,5.0,1,2017,2004
40,14,2017,2004,5.5000052920931335,1,2017,2004
40,15,2017,2013,5.0,1,2017,2013
40,16,2017,2012,8.250000155476583,1,2017,2012
40,17,2017,2016,5.500154112916794,1,2017,2016
40,18,2017,2011,5.5000052920931335,1,2017,2011
40,19,2017,2017,7.0000003109531646,1,2017,2017
40,20,2017,2006,9.250000155476584,1,2017,2006
40,21,2020,2017,1.2500026460465667,0,2017,2020
40,22,2017,2016,2.0,1,2017,2016
40,23,2017,2017,2.0,1,2017,2017
41,0,2017,2005,3.2499965305106238,1,2017,2005
41,1,2017,2006,4.5000003109531646,1,2017,2006
41,2,2017,2014,2.0,1,2017,2014
41,3,2020,2017,2.749997664897999,1,2017,2020
41,4,2017,1996,4.250000155476583,1,2017,1996
41,5,2017,2010,7.499835320507832,1,2017,2010
41,6,2017,2008,5.249986195942794,1,2017,2008
41,7,2017,2008,3.0,1,2017,2008
41,8,2017,2013,1.0,0,2017,2013
41,9,2017,2005,3.0,1,2017,2005
41,10,2017,2017,3.999995018860031,1,2017,2017
41,11,2017,2016,2.0,1,2017,2016
41,12,2017,2015,1.0,0,2017,2015
41,13,2017,2004,2.499994707906866,1,2017,2004
41,14,2017,2004,2.0,1,2017,2004
41,15,2017,2013,3.0,1,2017,2013
41,16,2017,2012,5.750154268393377,1,2017,2012
41,17,2017,2016,2.0,1,2017,2016
41,18,2017,2011,5.000478267878038,1,2017,2011
41,19,2017,2017,6.0000003109531646,1,2017,2017
41,20,2017,2006,8.250000155476583,1,2017,2006
41,21,2020,2017,1.2500026460465667,0,2017,2020
41,22,2017,2016,0.0,0,2017,2016
41,23,2017,2017,1.499994707906866,0,2017,2017
42,0,2016,2005,4.4999947079068665,1,2016,2005
42,1,2016,2006,5.5000003109531646,1,2016,2006
42,2,2016,2014,2.0,1,2016,2014
42,3,2020,2016,3.749997664897999,1,2016,2020
42,4,2016,1996,5.250000155476583,1,2016,1996
42,5,2016,2010,8.500472975784904,1,2016,2010
42,6,2016,2008,6.5000003109531646,1,2016,2008
42,7,2016,2008,4.5000052920931335,1,2016,2008
42,8,2016,2013,1.0,0,2016,2013
42,9,2016,2005,4.0,1,2016,2005
42,10,2017,2016,5.5000003109531646,1,2016,2017
42,11,2016,2016,3.0,1,2016,2016
42,12,2016,2015,1.0,0,2016,2015
42,13,2016,2004,4.499835320507832,1,2016,2004
42,14,2016,2004,3.0001594050099287,1,2016,2004
42,15,2016,2013,4.0,1,2016,2013
42,16,2016,2012,6.250000155476583,1,2016,2012
42,17,2016,2016,3.0,1,2016,2016
42,18,2016,2011,5.5000052920931335,1,2016,2011
42,19,2017,2016,7.0000003109531646,1,2016,2017
42,20,2016,2006,8.750473131261487,1,2016,2006
42,21,2020,2016,2.2500026460465667,1,2016,2020
42,22,2016,2016,0.0,0,2016,2016
42,23,2017,2016,2.0,1,2016,2017
11,0,2016,2005,7.0,1,2016,2005
11,1,2016,2006,6.5000003109531646,1,2016,2006
11,2,2016,2014,3.0,1,2016,2014
11,3,2020,2016,4.249992372804865,1,2016,2020
11,4,2016,1996,5.250000155476583,1,2016,1996
11,5,2016,2010,8.500472975784904,1,2016,2010
11,6,2016,2008,8.00047328673807,1,2016,2008
11,7,2016,2008,5.5000052920931335,1,2016,2008
11,8,2016,2013,1.499994707906866,0,2016,2013
11,9,2016,2005,6.0,1,2016,2005
11,10,2017,2016,6.5000003109531646,1,2016,2017
11,11,2016,2016,0.0,0,2016,2016
11,12,2016,2015,2.0,1,2016,2015
11,13,2016,2004,5.0,1,2016,2004
11,14,2016,2004,5.5000052920931335,1,2016,2004
11,15,2016,2013,5.0,1,2016,2013
11,16,2016,2012,6.250000155476583,1,2016,2012
11,17,2016,2016,4.0,1,2016,2016
11,18,2016,2011,6.5000052920931335,1,2016,2011
11,19,2017,2016,7.0000003109531646,1,2016,2017
11,20,2016,2006,9.250000155476584,1,2016,2006
11,21,2020,2016,1.749997353953433,0,2016,2020
11,22,2016,2016,1.0,0,2016,2016
11,23,2017,2016,2.0,1,2016,2017
43,0,2015,2005,9.0,1,2015,2005
43,1,2015,2006,8.500000310953165,1,2015,2006
43,2,2015,2014,4.0,1,2015,2014
43,3,2020,2015,5.250151777814793,1,2015,2020
43,4,2015,1996,7.250000155476583,1,2015,1996
43,5,2015,2010,10.0,1,2015,2010
43,6,2015,2008,8.500000310953165,1,2015,2008
43,7,2015,2008,7.500005292093133,1,2015,2008
43,8,2015,2013,4.0,1,2015,2013
43,9,2015,2005,7.0,1,2015,2005
43,10,2017,2015,8.500000310953165,1,2015,2017
43,11,2016,2015,2.0,1,2015,2016
43,12,2015,2015,3.0,1,2015,2015
43,13,2015,2004,6.0,1,2015,2004
43,14,2015,2004,5.5000052920931335,1,2015,2004
43,15,2015,2013,5.499197946942842,1,2015,2013
43,16,2015,2012,7.250000155476583,1,2015,2012
43,17,2016,2015,5.0,1,2015,2016
43,18,2015,2011,6.5000052920931335,1,2015,2011
43,19,2017,2015,8.50047328673807,1,2015,2017
43,20,2015,2006,10.250000155476584,1,2015,2006
43,21,2020,2015,3.2500026460465667,1,2015,2020
43,22,2016,2015,4.0,1,2015,2016
43,23,2017,2015,4.0,1,2015,2017
44,0,2015,2005,7.0,1,2015,2005
44,1,2015,2006,6.5000003109531646,1,2015,2006
44,2,2015,2014,3.0,1,2015,2014
44,3,2020,2015,5.250151777814793,1,2015,2020
44,4,2015,1996,6.250000155476583,1,2015,1996
44,5,2015,2010,10.0,1,2015,2010
44,6,2015,2008,7.5000003109531646,1,2015,2008
44,7,2015,2008,4.999840612600966,1,2015,2008
44,8,2015,2013,2.499994707906866,1,2015,2013
44,9,2015,2005,6.0,1,2015,2005
44,10,2017,2015,6.5000003109531646,1,2015,2017
44,11,2016,2015,3.0,1,2015,2016
44,12,2015,2015,2.0,1,2015,2015
44,13,2015,2004,5.500472975784904,1,2015,2004
44,14,2015,2004,4.5000052920931335,1,2015,2004
44,15,2015,2013,4.0,1,2015,2013
44,16,2015,2012,6.250000155476583,1,2015,2012
44,17,2016,2015,4.0,1,2015,2016
44,18,2015,2011,6.5000052920931335,1,2015,2011
44,19,2017,2015,7.499835631460997,1,2015,2017
44,20,2015,2006,10.250000155476584,1,2015,2006
44,21,2020,2015,3.2500026460465667,1,2015,2020
44,22,2016,2015,2.0,1,2015,2016
44,23,2017,2015,3.0,1,2015,2017
45,0,2015,2005,7.0,1,2015,2005
45,1,2015,2006,7.5000003109531646,1,2015,2006
45,2,2015,2014,3.499994707906866,1,2015,2014
45,3,2020,2015,5.250151777814793,1,2015,2020
45,4,2015,1996,6.250000155476583,1,2015,1996
45,5,2015,2010,10.0,1,2015,2010
45,6,2015,2008,8.00047328673807,1,2015,2008
45,7,2015,2008,6.5000052920931335,1,2015,2008
45,8,2015,2013,3.0,1,2015,2013
45,9,2015,2005,6.0,1,2015,2005
45,10,2017,2015,7.5000003109531646,1,2015,2017
45,11,2016,2015,4.0,1,2015,2016
45,12,2015,2015,2.0,1,2015,2015
45,13,2015,2004,6.0,1,2015,2004
45,14,2015,2004,5.5000052920931335,1,2015,2004
45,15,2015,2013,5.499197946942842,1,2015,2013
45,16,2015,2012,7.7504731312614865,1,2015,2012
45,17,2016,2015,4.0,1,2015,2016
45,18,2015,2011,6.5000052920931335,1,2015,2011
45,19,2017,2015,8.50047328673807,1,2015,2017
45,20,2015,2006,10.250000155476584,1,2015,2006
45,21,2020,2015,3.2500026460465667,1,2015,2020
45,22,2016,2015,1.499994707906866,0,2015,2016
45,23,2017,2015,3.499994707906866,1,2015,2017
46,0,2015,2005,7.0,1,2015,2005
46,1,2015,2006,6.5000003109531646,1,2015,2006
46,2,2015,2014,3.0,1,2015,2014
46,3,2020,2015,4.749997664897999,1,2015,2020
46,4,2015,1996,6.250000155476583,1,2015,1996
46,5,2015,2010,9.0,1,2015,2010
46,6,2015,2008,7.5000003109531646,1,2015,2008
46,7,2015,2008,6.5000052920931335,1,2015,2008
46,8,2015,2013,2.0,1,2015,2013
46,9,2015,2005,6.0,1,2015,2005
46,10,2017,2015,6.5000003109531646,1,2015,2017
46,11,2016,2015,3.0,1,2015,2016
46,12,2015,2015,1.499994707906866,0,2015,2015
46,13,2015,2004,5.0,1,2015,2004
46,14,2015,2004,4.5000052920931335,1,2015,2004
46,15,2015,2013,4.500472975784904,1,2015,2013
46,16,2015,2012,7.250000155476583,1,2015,2012
46,17,2016,2015,4.0,1,2015,2016
46,18,2015,2011,6.5000052920931335,1,2015,2011
46,19,2017,2015,8.000000310953165,1,2015,2017
46,20,2015,2006,10.250000155476584,1,2015,2006
46,21,2020,2015,3.2500026460465667,1,2015,2020
46,22,2016,2015,1.0,0,2015,2016
46,23,2017,2015,3.0,1,2015,2017
47,0,2015,2005,6.499835320507832,1,2015,2005
47,1,2015,2006,6.5000003109531646,1,2015,2006
47,2,2015,2014,3.0,1,2015,2014
47,3,2020,2015,3.749997664897999,1,2015,2020
47,4,2015,1996,5.250000155476583,1,2015,1996
47,5,2015,2010,10.0,1,2015,2010
47,6,2015,2008,7.5000003109531646,1,2015,2008
47,7,2015,2008,6.5000052920931335,1,2015,2008
47,8,2015,2013,2.0,1,2015,2013
47,9,2015,2005,6.0,1,2015,2005
47,10,2017,2015,5.999995018860031,1,2015,2017
47,11,2016,2015,3.0,1,2015,2016
47,12,2015,2015,1.499994707906866,0,2015,2015
47,13,2015,2004,5.0,1,2015,2004
47,14,2015,2004,4.5000052920931335,1,2015,2004
47,15,2015,2013,5.0,1,2015,2013
47,16,2015,2012,7.250000155476583,1,2015,2012
47,17,2016,2015,3.0,1,2015,2016
47,18,2015,2011,6.5000052920931335,1,2015,2011
47,19,2017,2015,7.0000003109531646,1,2015,2017
47,20,2015,2006,10.250000155476584,1,2015,2006
47,21,2020,2015,3.2500026460465667,1,2015,2020
47,22,2016,2015,1.499994707906866,0,2015,2016
47,23,2017,2015,3.0,1,2015,2017
48,0,2016,2005,9.0,1,2016,2005
48,1,2016,2006,8.500000310953165,1,2016,2006
48,2,2016,2014,3.0,1,2016,2014
48,3,2020,2016,5.749997664897999,1,2016,2020
48,4,2016,1996,7.250000155476583,1,2016,1996
48,5,2016,2010,10.0,1,2016,2010
48,6,2016,2008,8.999198257896007,1,2016,2008
48,7,2016,2008,7.500005292093133,1,2016,2008
48,8,2016,2013,4.0,1,2016,2013
48,9,2016,2005,7.0,1,2016,2005
48,10,2017,2016,8.500000310953165,1,2016,2017
48,11,2016,2016,2.0,1,2016,2016
48,12,2016,2015,2.0,1,2016,2015
48,13,2016,2004,7.0,1,2016,2004
48,14,2016,2004,6.5000052920931335,1,2016,2004
48,15,2016,2013,5.0,1,2016,2013
48,16,2016,2012,6.749835475984415,1,2016,2012
48,17,2016,2016,3.499994707906866,1,2016,2016
48,18,2016,2011,6.5000052920931335,1,2016,2011
48,19,2017,2016,8.50047328673807,1,2016,2017
48,20,2016,2006,10.250000155476584,1,2016,2006
48,21,2020,2016,3.2500026460465667,1,2016,2020
48,22,2016,2016,2.499994707906866,1,2016,2016
48,23,2017,2016,3.0,1,2016,2017
49,0,2016,2005,9.0,1,2016,2005
49,1,2016,2006,8.500000310953165,1,2016,2006
49,2,2016,2014,4.0,1,2016,2014
49,3,2020,2016,5.749997664897999,1,2016,2020
49,4,2016,1996,7.250000155476583,1,2016,1996
49,5,2016,2010,10.0,1,2016,2010
49,6,2016,2008,9.500000310953164,1,2016,2008
49,7,2016,2008,7.500005292093133,1,2016,2008
49,8,2016,2013,4.0,1,2016,2013
49,9,2016,2005,7.0,1,2016,2005
49,10,2017,2016,8.500000310953165,1,2016,2017
49,11,2016,2016,2.0,1,2016,2016
49,12,2016,2015,3.0,1,2016,2015
49,13,2016,2004,7.0,1,2016,2004
49,14,2016,2004,5.999203239035976,1,2016,2004
49,15,2016,2013,5.0,1,2016,2013
49,16,2016,2012,7.250000155476583,1,2016,2012
49,17,2016,2016,5.0,1,2016,2016
49,18,2016,2011,6.5000052920931335,1,2016,2011
49,19,2017,2016,9.000000310953165,1,2016,2017
49,20,2016,2006,10.250000155476584,1,2016,2006
49,21,2020,2016,3.7498379665544,1,2016,2020
49,22,2016,2016,3.500154112916795,1,2016,2016
49,23,2017,2016,3.0,1,2016,2017
50,0,2015,2005,8.0,1,2015,2005
50,1,2015,2006,8.999198257896007,1,2015,2006
50,2,2015,2014,4.0,1,2015,2014
50,3,2020,2015,7.7499976648979985,1,2015,2020
50,4,2015,1996,6.250000155476583,1,2015,1996
50,5,2015,2010,10.0,1,2015,2010
50,6,2015,2008,8.749393806117572,1,2015,2008
50,7,2015,2008,7.500005292093133,1,2015,2008
50,8,2015,2013,3.0,1,2015,2013
50,9,2015,2005,7.0,1,2015,2005
50,10,2017,2015,7.5000003109531646,1,2015,2017
50,11,2016,2015,5.0,1,2015,2016
50,12,2015,2015,3.0,1,2015,2015
50,13,2015,2004,6.0,1,2015,2004
50,14,2015,2004,5.5000052920931335,1,2015,2004
50,15,2015,2013,5.0,1,2015,2013
50,16,2015,2012,7.7504731312614865,1,2015,2012
50,17,2016,2015,7.0,1,2015,2016
50,18,2015,2011,6.5000052920931335,1,2015,2011
50,19,2017,2015,9.000000310953165,1,2015,2017
50,20,2015,2006,10.749198102419424,1,2015,2006
50,21,2020,2015,3.2500026460465667,1,2015,2020
50,22,2016,2015,2.0,1,2015,2016
50,23,2017,2015,3.0,1,2015,2017
12,0,2015,2005,5.500154112916794,1,2015,2005
12,1,2015,2006,5.5000003109531646,1,2015,2006
12,2,2015,2014,2.0,1,2015,2014
12,3,2020,2015,3.749997664897999,1,2015,2020
12,4,2015,1996,4.250000155476583,1,2015,1996
12,5,2015,2010,11.0,1,2015,2010
12,6,2015,2008,6.999835631460997,1,2015,2008
12,7,2015,2008,5.5000052920931335,1,2015,2008
12,8,2015,2013,0.0,0,2015,2013
12,9,2015,2005,5.0,1,2015,2005
12,10,2017,2015,5.999995018860031,1,2015,2017
12,11,2016,2015,1.5000046702040022,0,2015,2016
12,12,2015,2015,0.0,0,2015,2015
12,13,2015,2004,5.0,1,2015,2004
12,14,2015,2004,4.5000052920931335,1,2015,2004
12,15,2015,2013,5.499197946942842,1,2015,2013
12,16,2015,2012,7.250000155476583,1,2015,2012
12,17,2016,2015,3.499994707906866,1,2015,2016
12,18,2015,2011,6.5000052920931335,1,2015,2011
12,19,2017,2015,8.000000310953165,1,2015,2017
12,20,2015,2006,10.749198102419424,1,2015,2006
12,21,2020,2015,2.2500026460465667,1,2015,2020
12,22,2016,2015,0.0,0,2015,2016
12,23,2017,2015,1.0,0,2015,2017
13,0,2005,2004,0.5000046702040022,0,2004,2005
13,1,2006,2004,0.0,0,2004,2006
13,2,2014,2004,6.0,1,2004,2014
13,3,2020,2004,5.749997664897999,1,2004,2020
13,4,2004,1996,2.2500001554765823,1,2004,1996
13,5,2010,2004,4.0,1,2004,2010
13,6,2008,2004,2.999995018860031,1,2004,2008
13,7,2008,2004,4.000159405009929,1,2004,2008
13,8,2013,2004,4.4999947079068665,1,2004,2013
13,9,2005,2004,0.4999947079068662,0,2004,2005
13,10,2017,2004,5.5000003109531646,1,2004,2017
13,11,2016,2004,7.499835320507832,1,2004,2016
13,12,2015,2004,5.500154112916794,1,2004,2015
13,13,2004,2004,0.0,0,2004,2004
13,14,2004,2004,1.0,0,2004,2004
13,15,2013,2004,3.4998353205078323,1,2004,2013
13,16,2012,2004,3.2500001554765827,1,2004,2012
13,17,2016,2004,4.0,1,2004,2016
13,18,2011,2004,5.999203239035976,1,2004,2011
13,19,2017,2004,2.000000310953165,1,2004,2017
13,20,2006,2004,4.250000155476583,1,2004,2006
13,21,2020,2004,5.250002646046567,1,2004,2020
13,22,2016,2004,3.500154112916795,1,2004,2016
13,23,2017,2004,6.0,1,2004,2017
51,0,2018,2005,8.0,1,2018,2005
51,1,2018,2006,6.5000003109531646,1,2018,2006
51,2,2018,2014,5.0,1,2018,2014
51,3,2020,2018,1.749997664897999,0,2018,2020
51,4,2018,1996,7.499929669610889,1,2018,1996
51,5,2018,2010,10.0,1,2018,2010
51,6,2018,2008,8.500000310953165,1,2018,2008
51,7,2018,2008,7.249043718559915,1,2018,2008
51,8,2018,2013,6.0,1,2018,2013
51,9,2018,2005,6.500472975784904,1,2018,2005
51,10,2018,2017,3.500000310953165,1,2018,2017
51,11,2018,2016,5.0,1,2018,2016
51,12,2018,2015,4.0,1,2018,2015
51,13,2018,2004,6.0,1,2018,2004
51,14,2018,2004,6.5000052920931335,1,2018,2004
51,15,2018,2013,6.0,1,2018,2013
51,16,2018,2012,8.749198102419424,1,2018,2012
51,17,2018,2016,4.0,1,2018,2016
51,18,2018,2011,5.5000052920931335,1,2018,2011
51,19,2018,2017,8.000000310953165,1,2018,2017
51,20,2018,2006,9.250000155476584,1,2018,2006
51,21,2020,2018,6.250002646046567,1,2018,2020
51,22,2018,2016,5.0,1,2018,2016
51,23,2018,2017,3.499994707906866,1,2018,2017
52,0,2018,2005,5.0,1,2018,2005
52,1,2018,2006,4.999995018860031,1,2018,2006
52,2,2018,2014,3.499994707906866,1,2018,2014
52,3,2020,2018,0.0,0,2018,2020
52,4,2018,1996,6.250000155476583,1,2018,1996
52,5,2018,2010,9.499197946942845,1,2018,2010
52,6,2018,2008,5.5000003109531646,1,2018,2008
52,7,2018,2008,4.5000052920931335,1,2018,2008
52,8,2018,2013,4.0,1,2018,2013
52,9,2018,2005,3.0,1,2018,2005
52,10,2018,2017,2.0000049811571667,1,2018,2017
52,11,2018,2016,4.0,1,2018,2016
52,12,2018,2015,3.499994707906866,1,2018,2015
52,13,2018,2004,4.0,1,2018,2004
52,14,2018,2004,3.500005292093134,1,2018,2004
52,15,2018,2013,4.0,1,2018,2013
52,16,2018,2012,6.250000155476583,1,2018,2012
52,17,2018,2016,2.0,1,2018,2016
52,18,2018,2011,3.9998406126009662,1,2018,2011
52,19,2018,2017,6.50015442386996,1,2018,2017
52,20,2018,2006,8.250000155476583,1,2018,2006
52,21,2020,2018,4.250002646046567,1,2018,2020
52,22,2018,2016,2.499994707906866,1,2018,2016
52,23,2018,2017,4.0,1,2018,2017
14,0,2005,2004,2.499994707906866,1,2004,2005
14,1,2006,2004,2.500000310953165,1,2004,2006
14,2,2014,2004,6.499835320507832,1,2004,2014
14,3,2020,2004,5.749997664897999,1,2004,2020
14,4,2004,1996,3.749994863383449,1,2004,1996
14,5,2010,2004,3.0,1,2004,2010
14,6,2008,2004,1.999995018860031,0,2004,2008
14,7,2008,2004,2.500005292093134,1,2004,2008
14,8,2013,2004,4.4999947079068665,1,2004,2013
14,9,2005,2004,3.0,1,2004,2005
14,10,2017,2004,5.5000003109531646,1,2004,2017
14,11,2016,2004,7.499835320507832,1,2004,2016
14,12,2015,2004,5.0,1,2004,2015
14,13,2004,2004,2.499994707906866,1,2004,2004
14,14,2004,2004,0.0,0,2004,2004
14,15,2013,2004,2.500154112916795,1,2004,2013
14,16,2012,2004,5.250000155476583,1,2004,2012
14,17,2016,2004,5.500154112916794,1,2004,2016
14,18,2011,2004,5.5000052920931335,1,2004,2011
14,19,2017,2004,4.499995018860031,1,2004,2017
14,20,2006,2004,7.749835475984415,1,2004,2006
14,21,2020,2004,4.750475621831471,1,2004,2020
14,22,2016,2004,4.0,1,2004,2016
14,23,2017,2004,6.0,1,2004,2017
15,0,2013,2005,5.500154112916794,1,2013,2005
15,1,2013,2006,3.999995018860031,1,2013,2006
15,2,2014,2013,7.500472975784904,1,2013,2014
15,3,2020,2013,4.749997664897999,1,2013,2020
15,4,2013,1996,4.250000155476583,1,2013,1996
15,5,2013,2010,1.0,0,2013,2010
15,6,2013,2008,3.999995018860031,1,2013,2008
15,7,2013,2008,4.5000052920931335,1,2013,2008
15,8,2013,2013,5.500154112916794,1,2013,2013
15,9,2013,2005,5.0,1,2013,2005
15,10,2017,2013,5.5000003109531646,1,2013,2017
15,11,2016,2013,5.4999947079068665,1,2013,2016
15,12,2015,2013,6.499835320507832,1,2013,2015
15,13,2013,2004,4.499835320507832,1,2013,2004
15,14,2013,2004,1.0,0,2013,2004
15,15,2013,2013,0.0,0,2013,2013
15,16,2013,2012,3.2500001554765827,1,2013,2012
15,17,2016,2013,6.499835320507832,1,2013,2016
15,18,2013,2011,3.9998406126009662,1,2013,2011
15,19,2017,2013,3.000000310953165,1,2013,2017
15,20,2013,2006,6.750154268393377,1,2013,2006
15,21,2020,2013,5.250002646046567,1,2013,2020
15,22,2016,2013,4.499835320507832,1,2013,2016
15,23,2017,2013,7.0,1,2013,2017
53,0,2015,2005,2.0,1,2015,2005
53,1,2015,2006,2.500000310953165,1,2015,2006
53,2,2015,2014,7.0,1,2015,2014
53,3,2020,2015,5.749997664897999,1,2015,2020
53,4,2015,1996,4.749994863383449,1,2015,1996
53,5,2015,2010,4.0,1,2015,2010
53,6,2015,2008,6.00015442386996,1,2015,2008
53,7,2015,2008,4.000159405009929,1,2015,2008
53,8,2015,2013,5.0,1,2015,2013
53,9,2015,2005,3.0,1,2015,2005
53,10,2017,2015,5.5000003109531646,1,2015,2017
53,11,2016,2015,5.4999947079068665,1,2015,2016
53,12,2015,2015,6.0,1,2015,2015
53,13,2015,2004,1.7499858849896293,0,2015,2004
53,14,2015,2004,1.2499911770827632,0,2015,2004
53,15,2015,2013,1.0,0,2015,2013
53,16,2015,2012,2.7499948633834483,1,2015,2012
53,17,2016,2015,6.0,1,2015,2016
53,18,2015,2011,3.0001594050099287,1,2015,2011
53,19,2017,2015,2.000000310953165,1,2015,2017
53,20,2015,2006,6.250000155476583,1,2015,2006
53,21,2020,2015,5.250002646046567,1,2015,2020
53,22,2016,2015,4.499835320507832,1,2015,2016
53,23,2017,2015,6.749796343500703,1,2015,2017
16,0,2012,2005,2.999994707906866,1,2012,2005
16,1,2012,2006,2.000000310953165,1,2012,2006
16,2,2014,2012,5.750077056458397,1,2012,2014
16,3,2020,2012,4.249997664897999,1,2012,2020
16,4,2012,1996,3.999997509430016,1,2012,1996
16,5,2012,2010,2.7499973539534333,1,2012,2010
16,6,2012,2008,5.249997664906598,1,2012,2008
16,7,2012,2008,3.2500026460465667,1,2012,2008
16,8,2013,2012,3.749997353953433,1,2012,2013
16,9,2012,2005,2.624990296448248,1,2012,2005
16,10,2017,2012,4.749997664906598,1,2012,2017
16,11,2016,2012,5.249997353953433,1,2012,2016
16,12,2015,2012,5.750077056458397,1,2012,2015
16,13,2012,2004,1.749997353953433,0,2012,2004
16,14,2012,2004,1.2500026460465667,0,2012,2004
16,15,2013,2012,0.0,0,2012,2013
16,16,2012,2012,0.0,0,2012,2012
16,17,2016,2012,5.750077056458397,1,2012,2016
16,18,2012,2011,2.5000797025049644,1,2012,2011
16,19,2017,2012,2.000000000008599,1,2012,2017
16,20,2012,2006,4.999997509430015,1,2012,2006
16,21,2020,2012,5.499601619517988,1,2012,2020
16,22,2016,2012,3.500154112916795,1,2012,2016
16,23,2017,2012,5.750077056458397,1,2012,2017
54,0,2015,2005,2.0,1,2015,2005
54,1,2015,2006,3.500000310953165,1,2015,2006
54,2,2015,2014,0.5000046702040022,0,2015,2014
54,3,2020,2015,0.2500023351020011,0,2015,2020
54,4,2015,1996,3.749994863383449,1,2015,1996
54,5,2015,2010,6.500154112916794,1,2015,2010
54,6,2015,2008,3.500000310953165,1,2015,2008
54,7,2015,2008,2.500005292093134,1,2015,2008
54,8,2015,2013,0.0,0,2015,2013
54,9,2015,2005,2.0,1,2015,2005
54,10,2017,2015,3.999995018860031,1,2015,2017
54,11,2016,2015,0.0,0,2015,2016
54,12,2015,2015,0.0,0,2015,2015
54,13,2015,2004,1.0,0,2015,2004
54,14,2015,2004,0.5000052920931338,0,2015,2004
54,15,2015,2013,2.0,1,2015,2013
54,16,2015,2012,3.2500001554765827,1,2015,2012
54,17,2016,2015,0.0,0,2015,2016
54,18,2015,2011,3.9998406126009662,1,2015,2011
54,19,2017,2015,4.499995018860031,1,2015,2017
54,20,2015,2006,7.250000155476583,1,2015,2006
54,21,2020,2015,1.2500026460465667,0,2015,2020
54,22,2016,2015,0.0,0,2015,2016
54,23,2017,2015,0.0,0,2015,2017
55,0,2015,2005,4.0,1,2015,2005
55,1,2015,2006,3.999995018860031,1,2015,2006
55,2,2015,2014,5.500154112916794,1,2015,2014
55,3,2020,2015,4.749997664897999,1,2015,2020
55,4,2015,1996,5.250000155476583,1,2015,1996
55,5,2015,2010,7.0,1,2015,2010
55,6,2015,2008,5.5000003109531646,1,2015,2008
55,7,2015,2008,4.000159405009929,1,2015,2008
55,8,2015,2013,4.4999947079068665,1,2015,2013
55,9,2015,2005,4.0,1,2015,2005
55,10,2017,2015,5.5000003109531646,1,2015,2017
55,11,2016,2015,5.0,1,2015,2016
55,12,2015,2015,5.0,1,2015,2015
55,13,2015,2004,3.0,1,2015,2004
55,14,2015,2004,2.0,1,2015,2004
55,15,2015,2013,3.0,1,2015,2013
55,16,2015,2012,4.250000155476583,1,2015,2012
55,17,2016,2015,5.0,1,2015,2016
55,18,2015,2011,5.000478267878038,1,2015,2011
55,19,2017,2015,5.0000003109531646,1,2015,2017
55,20,2015,2006,6.250000155476583,1,2015,2006
55,21,2020,2015,5.250002646046567,1,2015,2020
55,22,2016,2015,3.500154112916795,1,2015,2016
55,23,2017,2015,5.249929514134307,1,2015,2017
56,0,2015,2005,5.0,1,2015,2005
56,1,2015,2006,5.5000003109531646,1,2015,2006
56,2,2015,2014,7.500472975784904,1,2015,2014
56,3,2020,2015,6.749997664897999,1,2015,2020
56,4,2015,1996,6.250000155476583,1,2015,1996
56,5,2015,2010,8.0,1,2015,2010
56,6,2015,2008,6.5000003109531646,1,2015,2008
56,7,2015,2008,4.5000052920931335,1,2015,2008
56,8,2015,2013,6.0,1,2015,2013
56,9,2015,2005,4.750175451383817,1,2015,2005
56,10,2017,2015,7.00015442386996,1,2015,2017
56,11,2016,2015,7.499835320507832,1,2015,2016
56,12,2015,2015,7.0,1,2015,2015
56,13,2015,2004,4.0,1,2015,2004
56,14,2015,2004,3.250180743476951,1,2015,2004
56,15,2015,2013,4.0,1,2015,2013
56,16,2015,2012,5.750154268393377,1,2015,2012
56,17,2016,2015,6.0,1,2015,2016
56,18,2015,2011,6.5000052920931335,1,2015,2011
56,19,2017,2015,6.50015442386996,1,2015,2017
56,20,2015,2006,7.749835475984415,1,2015,2006
56,21,2020,2015,6.250002646046567,1,2015,2020
56,22,2016,2015,4.0,1,2015,2016
56,23,2017,2015,7.0,1,2015,2017
57,0,2015,2005,5.0,1,2015,2005
57,1,2015,2006,5.5000003109531646,1,2015,2006
57,2,2015,2014,8.0,1,2015,2014
57,3,2020,2015,6.749997664897999,1,2015,2020
57,4,2015,1996,6.250000155476583,1,2015,1996
57,5,2015,2010,8.0,1,2015,2010
57,6,2015,2008,6.5000003109531646,1,2015,2008
57,7,2015,2008,5.5000052920931335,1,2015,2008
57,8,2015,2013,6.499835320507832,1,2015,2013
57,9,2015,2005,5.0,1,2015,2005
57,10,2017,2015,7.00015442386996,1,2015,2017
57,11,2016,2015,8.250465732330738,1,2015,2016
57,12,2015,2015,7.500472975784904,1,2015,2015
57,13,2015,2004,4.0,1,2015,2004
57,14,2015,2004,4.5000052920931335,1,2015,2004
57,15,2015,2013,5.0,1,2015,2013
57,16,2015,2012,6.749835475984415,1,2015,2012
57,17,2016,2015,6.499835320507832,1,2015,2016
57,18,2015,2011,6.5000052920931335,1,2015,2011
57,19,2017,2015,7.0000003109531646,1,2015,2017
57,20,2015,2006,8.250000155476583,1,2015,2006
57,21,2020,2015,6.250002646046567,1,2015,2020
57,22,2016,2015,4.499835320507832,1,2015,2016
57,23,2017,2015,8.0,1,2015,2017
58,0,2015,2005,4.4999947079068665,1,2015,2005
58,1,2015,2006,4.999995018860031,1,2015,2006
58,2,2015,2014,6.499835320507832,1,2015,2014
58,3,2020,2015,6.749997664897999,1,2015,2020
58,4,2015,1996,5.749994863383449,1,2015,1996
58,5,2015,2010,7.0,1,2015,2010
58,6,2015,2008,5.5000003109531646,1,2015,2008
58,7,2015,2008,4.000159405009929,1,2015,2008
58,8,2015,2013,5.0,1,2015,2013
58,9,2015,2005,4.0,1,2015,2005
58,10,2017,2015,6.5000003109531646,1,2015,2017
58,11,2016,2015,6.500154112916794,1,2015,2016
58,12,2015,2015,6.0,1,2015,2015
58,13,2015,2004,3.500154112916795,1,2015,2004
58,14,2015,2004,2.500005292093134,1,2015,2004
58,15,2015,2013,3.0,1,2015,2013
58,16,2015,2012,5.250000155476583,1,2015,2012
58,17,2016,2015,6.0,1,2015,2016
58,18,2015,2011,5.5000052920931335,1,2015,2011
58,19,2017,2015,6.0000003109531646,1,2015,2017
58,20,2015,2006,7.250000155476583,1,2015,2006
58,21,2020,2015,5.250002646046567,1,2015,2020
58,22,2016,2015,4.0,1,2015,2016
58,23,2017,2015,6.0,1,2015,2017
59,0,2015,2005,8.0,1,2015,2005
59,1,2015,2006,9.500000310953164,1,2015,2006
59,2,2015,2014,4.0,1,2015,2014
59,3,2020,2015,7.7499976648979985,1,2015,2020
59,4,2015,1996,6.250000155476583,1,2015,1996
59,5,2015,2010,10.0,1,2015,2010
59,6,2015,2008,8.500000310953165,1,2015,2008
59,7,2015,2008,7.500005292093133,1,2015,2008
59,8,2015,2013,3.0,1,2015,2013
59,9,2015,2005,8.0,1,2015,2005
59,10,2017,2015,7.5000003109531646,1,2015,2017
59,11,2016,2015,5.0,1,2015,2016
59,12,2015,2015,3.0,1,2015,2015
59,13,2015,2004,6.499197946942842,1,2015,2004
59,14,2015,2004,5.5000052920931335,1,2015,2004
59,15,2015,2013,6.0,1,2015,2013
59,16,2015,2012,8.250000155476583,1,2015,2012
59,17,2016,2015,8.0,1,2015,2016
59,18,2015,2011,6.5000052920931335,1,2015,2011
59,19,2017,2015,9.000000310953165,1,2015,2017
59,20,2015,2006,11.250000155476584,1,2015,2006
59,21,2020,2015,3.2500026460465667,1,2015,2020
59,22,2016,2015,2.0,1,2015,2016
59,23,2017,2015,3.499994707906866,1,2015,2017
17,0,2016,2005,7.500472975784904,1,2016,2005
17,1,2016,2006,5.5000003109531646,1,2016,2006
17,2,2016,2014,3.499994707906866,1,2016,2014
17,3,2020,2016,2.749997664897999,1,2016,2020
17,4,2016,1996,6.250000155476583,1,2016,1996
17,5,2016,2010,10.499197946942845,1,2016,2010
17,6,2016,2008,8.00047328673807,1,2016,2008
17,7,2016,2008,6.000478267878038,1,2016,2008
17,8,2016,2013,3.499994707906866,1,2016,2013
17,9,2016,2005,5.499835320507832,1,2016,2005
17,10,2017,2016,3.500000310953165,1,2016,2017
17,11,2016,2016,4.0,1,2016,2016
17,12,2016,2015,2.0,1,2016,2015
17,13,2016,2004,5.500472975784904,1,2016,2004
17,14,2016,2004,4.5000052920931335,1,2016,2004
17,15,2016,2013,5.499197946942842,1,2016,2013
17,16,2016,2012,7.7504731312614865,1,2016,2012
17,17,2016,2016,0.0,0,2016,2016
17,18,2016,2011,6.5000052920931335,1,2016,2011
17,19,2017,2016,7.0000003109531646,1,2016,2017
17,20,2016,2006,4.250000155476583,1,2016,2006
17,21,2020,2016,4.250002646046567,1,2016,2020
17,22,2016,2016,4.499835320507832,1,2016,2016
17,23,2017,2016,3.0,1,2016,2017
18,0,2011,2005,4.0,1,2011,2005
18,1,2011,2006,3.999995018860031,1,2011,2006
18,2,2014,2011,8.499197946942843,1,2011,2014
18,3,2020,2011,7.250470640682902,1,2011,2020
18,4,2011,1996,4.749994863383449,1,2011,1996
18,5,2011,2010,5.4999947079068665,1,2011,2010
18,6,2011,2008,4.999995018860031,1,2011,2008
18,7,2011,2008,3.500005292093134,1,2011,2008
18,8,2013,2011,4.4999947079068665,1,2011,2013
18,9,2011,2005,4.0,1,2011,2005
18,10,2017,2011,5.5000003109531646,1,2011,2017
18,11,2016,2011,9.499197946942845,1,2011,2016
18,12,2015,2011,7.500472975784904,1,2011,2015
18,13,2011,2004,3.0,1,2011,2004
18,14,2011,2004,2.500005292093134,1,2011,2004
18,15,2013,2011,3.4998353205078323,1,2011,2013
18,16,2012,2011,4.749994863383449,1,2011,2012
18,17,2016,2011,8.499197946942843,1,2011,2016
18,18,2011,2011,0.0,0,2011,2011
18,19,2017,2011,5.499995018860031,1,2011,2017
18,20,2011,2006,5.749994863383449,1,2011,2006
18,21,2020,2011,7.250002646046567,1,2011,2020
18,22,2016,2011,5.500472975784904,1,2011,2016
18,23,2017,2011,8.0,1,2011,2017
19,0,2017,2005,1.249997353953433,0,2017,2005
19,1,2017,2006,0.5000024905785835,0,2017,2006
19,2,2017,2014,6.0,1,2017,2014
19,3,2020,2017,3.999995018851432,1,2017,2020
19,4,2017,1996,2.9999975094300155,1,2017,1996
19,5,2017,2010,1.5,0,2017,2010
19,6,2017,2008,4.249997664906598,1,2017,2008
19,7,2017,2008,3.750082348551532,1,2017,2008
19,8,2017,2013,4.249997353953433,1,2017,2013
19,9,2017,2005,1.749997353953433,0,2017,2005
19,10,2017,2017,4.499995018860031,1,2017,2017
19,11,2017,2016,3.5,1,2017,2016
19,12,2017,2015,4.0,1,2017,2015
19,13,2017,2004,0.4999947079068662,0,2017,2004
19,14,2017,2004,0.0,0,2017,2004
19,15,2017,2013,0.0,0,2017,2013
19,16,2017,2012,0.7500001554765824,0,2017,2012
19,17,2017,2016,4.5,1,2017,2016
19,18,2017,2011,3.500005292093134,1,2017,2011
19,19,2017,2017,0.0,0,2017,2017
19,20,2017,2006,3.7500001554765823,1,2017,2006
19,21,2020,2017,5.250002646046567,1,2017,2020
19,22,2017,2016,4.0,1,2017,2016
19,23,2017,2017,4.749997353953433,1,2017,2017
60,0,2006,2005,3.0,1,2006,2005
60,1,2006,2006,2.500000310953165,1,2006,2006
60,2,2014,2006,7.0,1,2006,2014
60,3,2020,2006,5.749997664897999,1,2006,2020
60,4,2006,1996,3.2500001554765827,1,2006,1996
60,5,2010,2006,3.499994707906866,1,2006,2010
60,6,2008,2006,1.999995018860031,0,2006,2008
60,7,2008,2006,2.500005292093134,1,2006,2008
60,8,2013,2006,5.0,1,2006,2013
60,9,2006,2005,3.0,1,2006,2005
60,10,2017,2006,5.5000003109531646,1,2006,2017
60,11,2016,2006,8.0,1,2006,2016
60,12,2015,2006,5.500154112916794,1,2006,2015
60,13,2006,2004,1.0,0,2006,2004
60,14,2006,2004,0.0,0,2006,2004
60,15,2013,2006,1.0,0,2006,2013
60,16,2012,2006,4.250000155476583,1,2006,2012
60,17,2016,2006,6.499835320507832,1,2006,2016
60,18,2011,2006,5.000478267878038,1,2006,2011
60,19,2017,2006,4.0000003109531646,1,2006,2017
60,20,2006,2006,7.250000155476583,1,2006,2006
60,21,2020,2006,4.750475621831471,1,2006,2020
60,22,2016,2006,3.0,1,2006,2016
60,23,2017,2006,6.0,1,2006,2017
61,0,2005,2005,2.2499973539534333,1,2005,2005
61,1,2006,2005,2.000000000008599,1,2005,2006
61,2,2014,2005,5.500154112916794,1,2005,2014
61,3,2020,2005,4.499995018851432,1,2005,2020
61,4,2005,1996,2.000002490578584,1,2005,1996
61,5,2010,2005,1.999999689055434,0,2005,2010
61,6,2008,2005,1.0000003109531648,0,2005,2008
61,7,2008,2005,1.750002646046567,0,2005,2008
61,8,2013,2005,4.0,1,2005,2013
61,9,2005,2005,1.749997353953433,0,2005,2005
61,10,2017,2005,4.749997664906598,1,2005,2017
61,11,2016,2005,5.749997353953433,1,2005,2016
61,12,2015,2005,4.749997353953433,1,2005,2015
61,13,2005,2004,0.749997353953433,0,2005,2004
61,14,2005,2004,0.0,0,2005,2004
61,15,2013,2005,1.749997353953433,0,2005,2013
61,16,2012,2005,3.999997509430016,1,2005,2012
61,17,2016,2005,4.749997353953433,1,2005,2016
61,18,2011,2005,4.24992295234705,1,2005,2011
61,19,2017,2005,3.749997664906598,1,2005,2017
61,20,2006,2005,6.750154268393377,1,2005,2006
61,21,2020,2005,5.250002646046567,1,2005,2020
61,22,2016,2005,2.2499973539534333,1,2005,2016
61,23,2017,2005,4.749997353953433,1,2005,2017
62,0,2009,2005,2.0,1,2009,2005
62,1,2009,2006,1.5000003109531648,0,2009,2006
62,2,2014,2009,5.500154112916794,1,2009,2014
62,3,2020,2009,5.749997664897999,1,2009,2020
62,4,2009,1996,4.749994863383449,1,2009,1996
62,5,2010,2009,6.0,1,2009,2010
62,6,2009,2008,3.500000310953165,1,2009,2008
62,7,2009,2008,2.500005292093134,1,2009,2008
62,8,2013,2009,4.0,1,2009,2013
62,9,2009,2005,2.0,1,2009,2005
62,10,2017,2009,5.5000003109531646,1,2009,2017
62,11,2016,2009,6.0,1,2009,2016
62,12,2015,2009,5.0,1,2009,2015
62,13,2009,2004,2.0,1,2009,2004
62,14,2009,2004,1.5000052920931335,0,2009,2004
62,15,2013,2009,3.0,1,2009,2013
62,16,2012,2009,3.749994863383448,1,2009,2012
62,17,2016,2009,5.500154112916794,1,2009,2016
62,18,2011,2009,5.000478267878038,1,2009,2011
62,19,2017,2009,4.499995018860031,1,2009,2017
62,20,2009,2006,5.749994863383449,1,2009,2006
62,21,2020,2009,4.250002646046567,1,2009,2020
62,22,2016,2009,4.499835320507832,1,2009,2016
62,23,2017,2009,5.0,1,2009,2017
20,0,2006,2005,3.0,1,2006,2005
20,1,2006,2006,2.749997664906598,1,2006,2006
20,2,2014,2006,7.250236487892452,1,2006,2014
20,3,2020,2006,6.749997664897999,1,2006,2020
20,4,2006,1996,5.499997509430015,1,2006,1996
20,5,2010,2006,5.249997353953433,1,2006,2010
20,6,2008,2006,4.0000003109531646,1,2006,2008
20,7,2008,2006,4.5000052920931335,1,2006,2008
20,8,2013,2006,5.750077056458397,1,2006,2013
20,9,2006,2005,3.5,1,2006,2005
20,10,2017,2006,6.500074721364996,1,2006,2017
20,11,2016,2006,7.0,1,2006,2016
20,12,2015,2006,7.000154148146368,1,2006,2015
20,13,2006,2004,2.2499973539534333,1,2006,2004
20,14,2006,2004,3.500005292093134,1,2006,2004
20,15,2013,2006,3.749917660253917,1,2006,2013
20,16,2012,2006,3.999997509430016,1,2006,2012
20,17,2016,2006,1.499994707906866,0,2006,2016
20,18,2011,2006,4.5000052920931335,1,2006,2011
20,19,2017,2006,3.500000310953165,1,2006,2017
20,20,2006,2006,0.0,0,2006,2006
20,21,2020,2006,6.499601619517988,1,2006,2020
20,22,2016,2006,7.0,1,2006,2016
20,23,2017,2006,8.0,1,2006,2017
21,0,2020,2005,6.5,1,2020,2005
21,1,2020,2006,5.500074721364996,1,2020,2006
21,2,2020,2014,2.5,1,2020,2014
21,3,2020,2020,5.5000747213563965,1,2020,2020
21,4,2020,1996,5.750000155476583,1,2020,1996
21,5,2020,2010,10.0,1,2020,2010
21,6,2020,2008,7.0000003109531646,1,2020,2008
21,7,2020,2008,6.0000052920931335,1,2020,2008
21,8,2020,2013,2.2499973539534333,1,2020,2013
21,9,2020,2005,4.5,1,2020,2005
21,10,2020,2017,5.0000003109531646,1,2020,2017
21,11,2020,2016,3.2499973539534333,1,2020,2016
21,12,2020,2015,1.5,0,2020,2015
21,13,2020,2004,4.749917660253916,1,2020,2004
21,14,2020,2004,4.750241779985586,1,2020,2004
21,15,2020,2013,5.0,1,2020,2013
21,16,2020,2012,7.750000155476583,1,2020,2012
21,17,2020,2016,4.5,1,2020,2016
21,18,2020,2011,5.750241779985586,1,2020,2011
21,19,2020,2017,6.750077367411562,1,2020,2017
21,20,2020,2006,8.750000155476583,1,2020,2006
21,21,2020,2020,0.0,0,2020,2020
21,22,2020,2016,1.749997353953433,0,2020,2016
21,23,2020,2017,1.5,0,2020,2017
63,0,2016,2005,4.0,1,2016,2005
63,1,2016,2006,4.999995018860031,1,2016,2006
63,2,2016,2014,3.0,1,2016,2014
63,3,2020,2016,5.250151777814793,1,2016,2020
63,4,2016,1996,6.250000155476583,1,2016,1996
63,5,2016,2010,9.499197946942845,1,2016,2010
63,6,2016,2008,6.999835631460997,1,2016,2008
63,7,2016,2008,4.5000052920931335,1,2016,2008
63,8,2016,2013,3.0,1,2016,2013
63,9,2016,2005,4.0,1,2016,2005
63,10,2017,2016,5.5000003109531646,1,2016,2017
63,11,2016,2016,3.0,1,2016,2016
63,12,2016,2015,2.0,1,2016,2015
63,13,2016,2004,4.499835320507832,1,2016,2004
63,14,2016,2004,4.5000052920931335,1,2016,2004
63,15,2016,2013,4.0,1,2016,2013
63,16,2016,2012,7.250000155476583,1,2016,2012
63,17,2016,2016,4.0,1,2016,2016
63,18,2016,2011,5.000478267878038,1,2016,2011
63,19,2017,2016,6.750175762336982,1,2016,2017
63,20,2016,2006,8.750473131261487,1,2016,2006
63,21,2020,2016,1.2500026460465667,0,2016,2020
63,22,2016,2016,1.7499858849896293,0,2016,2016
63,23,2017,2016,2.0,1,2016,2017
64,0,2016,2005,5.0,1,2016,2005
64,1,2016,2006,5.5000003109531646,1,2016,2006
64,2,2016,2014,4.0,1,2016,2014
64,3,2020,2016,6.249832985405831,1,2016,2020
64,4,2016,1996,6.250000155476583,1,2016,1996
64,5,2016,2010,10.0,1,2016,2010
64,6,2016,2008,7.5000003109531646,1,2016,2008
64,7,2016,2008,5.5000052920931335,1,2016,2008
64,8,2016,2013,3.0,1,2016,2013
64,9,2016,2005,5.0,1,2016,2005
64,10,2017,2016,6.5000003109531646,1,2016,2017
64,11,2016,2016,4.0,1,2016,2016
64,12,2016,2015,3.0,1,2016,2015
64,13,2016,2004,5.500472975784904,1,2016,2004
64,14,2016,2004,5.5000052920931335,1,2016,2004
64,15,2016,2013,5.0,1,2016,2013
64,16,2016,2012,8.250000155476583,1,2016,2012
64,17,2016,2016,5.500154112916794,1,2016,2016
64,18,2016,2011,6.5000052920931335,1,2016,2011
64,19,2017,2016,7.499835631460997,1,2016,2017
64,20,2016,2006,9.250000155476584,1,2016,2006
64,21,2020,2016,1.2500026460465667,0,2016,2020
64,22,2016,2016,2.0,1,2016,2016
64,23,2017,2016,2.0,1,2016,2017
65,0,2006,2005,1.249996530510623,0,2006,2005
65,1,2006,2006,1.5000003109531648,0,2006,2006
65,2,2014,2006,5.500154112916794,1,2006,2014
65,3,2020,2006,5.250151777814793,1,2006,2020
65,4,2006,1996,4.250000155476583,1,2006,1996
65,5,2010,2006,6.0,1,2006,2010
65,6,2008,2006,3.500000310953165,1,2006,2008
65,7,2008,2006,2.500005292093134,1,2006,2008
65,8,2013,2006,4.0,1,2006,2013
65,9,2006,2005,1.499994707906866,0,2006,2005
65,10,2017,2006,5.5000003109531646,1,2006,2017
65,11,2016,2006,6.500154112916794,1,2006,2016
65,12,2015,2006,6.0,1,2006,2015
65,13,2006,2004,1.499994707906866,0,2006,2004
65,14,2006,2004,1.7500688420932773,0,2006,2004
65,15,2013,2006,2.500154112916795,1,2006,2013
65,16,2012,2006,4.250000155476583,1,2006,2012
65,17,2016,2006,5.0,1,2006,2016
65,18,2011,2006,5.000478267878038,1,2006,2011
65,19,2017,2006,4.749986195942794,1,2006,2017
65,20,2006,2006,5.250000155476583,1,2006,2006
65,21,2020,2006,5.250002646046567,1,2006,2020
65,22,2016,2006,4.499835320507832,1,2006,2016
65,23,2017,2006,5.0,1,2006,2017
66,0,2015,2005,1.499994707906866,0,2015,2005
66,1,2015,2006,1.000004981157167,0,2015,2006
66,2,2015,2014,6.0,1,2015,2014
66,3,2020,2015,5.749997664897999,1,2015,2020
66,4,2015,1996,2.7499948633834483,1,2015,1996
66,5,2015,2010,2.0,1,2015,2010
66,6,2015,2008,3.999995018860031,1,2015,2008
66,7,2015,2008,0.5000052920931338,0,2015,2008
66,8,2015,2013,2.0,1,2015,2013
66,9,2015,2005,0.4999947079068662,0,2015,2005
66,10,2017,2015,3.999995018860031,1,2015,2017
66,11,2016,2015,5.0,1,2015,2016
66,12,2015,2015,5.0,1,2015,2015
66,13,2015,2004,0.0,0,2015,2004
66,14,2015,2004,1.0,0,2015,2004
66,15,2015,2013,0.0,0,2015,2013
66,16,2015,2012,0.7500048256805846,0,2015,2012
66,17,2016,2015,4.4999947079068665,1,2015,2016
66,18,2015,2011,1.5000052920931335,0,2015,2011
66,19,2017,2015,1.0000003109531648,0,2015,2017
66,20,2015,2006,4.250000155476583,1,2015,2006
66,21,2020,2015,4.750475621831471,1,2015,2020
66,22,2016,2015,3.0,1,2015,2016
66,23,2017,2015,5.500154112916794,1,2015,2017
67,0,2015,2005,2.499994707906866,1,2015,2005
67,1,2015,2006,2.500000310953165,1,2015,2006
67,2,2015,2014,7.0,1,2015,2014
67,3,2020,2015,7.250470640682902,1,2015,2020
67,4,2015,1996,5.250000155476583,1,2015,1996
67,5,2015,2010,4.0,1,2015,2010
67,6,2015,2008,6.00015442386996,1,2015,2008
67,7,2015,2008,4.999840612600966,1,2015,2008
67,8,2015,2013,6.0,1,2015,2013
67,9,2015,2005,3.0,1,2015,2005
67,10,2017,2015,6.5000003109531646,1,2015,2017
67,11,2016,2015,6.500154112916794,1,2015,2016
67,12,2015,2015,6.499835320507832,1,2015,2015
67,13,2015,2004,3.0,1,2015,2004
67,14,2015,2004,1.5000052920931335,0,2015,2004
67,15,2015,2013,1.0,0,2015,2013
67,16,2015,2012,3.2500001554765827,1,2015,2012
67,17,2016,2015,6.499835320507832,1,2015,2016
67,18,2015,2011,4.5000052920931335,1,2015,2011
67,19,2017,2015,2.499995018860031,1,2015,2017
67,20,2015,2006,6.750154268393377,1,2015,2006
67,21,2020,2015,6.250002646046567,1,2015,2020
67,22,2016,2015,5.0,1,2015,2016
67,23,2017,2015,7.0,1,2015,2017
68,0,2018,2005,3.499994707906866,1,2018,2005
68,1,2018,2006,3.999995018860031,1,2018,2006
68,2,2018,2014,3.0,1,2018,2014
68,3,2020,2018,0.7499976648979989,0,2018,2020
68,4,2018,1996,5.250000155476583,1,2018,1996
68,5,2018,2010,7.0,1,2018,2010
68,6,2018,2008,4.999995018860031,1,2018,2008
68,7,2018,2008,3.500005292093134,1,2018,2008
68,8,2018,2013,3.0,1,2018,2013
68,9,2018,2005,3.0,1,2018,2005
68,10,2018,2017,0.5000003109531649,0,2018,2017
68,11,2018,2016,3.0,1,2018,2016
68,12,2018,2015,2.499994707906866,1,2018,2015
68,13,2018,2004,2.0,1,2018,2004
68,14,2018,2004,1.0,0,2018,2004
68,15,2018,2013,2.500154112916795,1,2018,2013
68,16,2018,2012,4.749994863383449,1,2018,2012
68,17,2018,2016,1.499994707906866,0,2018,2016
68,18,2018,2011,3.500005292093134,1,2018,2011
68,19,2018,2017,5.0000003109531646,1,2018,2017
68,20,2018,2006,7.250000155476583,1,2018,2006
68,21,2020,2018,3.2500026460465667,1,2018,2020
68,22,2018,2016,1.499994707906866,0,2018,2016
68,23,2018,2017,3.0,1,2018,2017
69,0,2016,2005,8.499197946942843,1,2016,2005
69,1,2016,2006,7.5000003109531646,1,2016,2006
69,2,2016,2014,3.0,1,2016,2014
69,3,2020,2016,4.249992372804865,1,2016,2020
69,4,2016,1996,6.250000155476583,1,2016,1996
69,5,2016,2010,11.0,1,2016,2010
69,6,2016,2008,8.500000310953165,1,2016,2008
69,7,2016,2008,7.500005292093133,1,2016,2008
69,8,2016,2013,2.0,1,2016,2013
69,9,2016,2005,7.0,1,2016,2005
69,10,2017,2016,7.5000003109531646,1,2016,2017
69,11,2016,2016,3.0,1,2016,2016
69,12,2016,2015,1.0,0,2016,2015
69,13,2016,2004,6.499197946942842,1,2016,2004
69,14,2016,2004,5.5000052920931335,1,2016,2004
69,15,2016,2013,6.0,1,2016,2013
69,16,2016,2012,7.250000155476583,1,2016,2012
69,17,2016,2016,3.0,1,2016,2016
69,18,2016,2011,6.5000052920931335,1,2016,2011
69,19,2017,2016,8.000000310953165,1,2016,2017
69,20,2016,2006,7.250000155476583,1,2016,2006
69,21,2020,2016,3.2500026460465667,1,2016,2020
69,22,2016,2016,1.0,0,2016,2016
69,23,2017,2016,3.0,1,2016,2017
70,0,2005,2005,1.0,0,2005,2005
70,1,2006,2005,0.5000003109531649,0,2005,2006
70,2,2014,2005,4.4999947079068665,1,2005,2014
70,3,2020,2005,3.749997664897999,1,2005,2020
70,4,2005,1996,2.2500001554765823,1,2005,1996
70,5,2010,2005,5.0,1,2005,2010
70,6,2008,2005,2.500000310953165,1,2005,2008
70,7,2008,2005,2.500005292093134,1,2005,2008
70,8,2013,2005,3.0,1,2005,2013
70,9,2005,2005,0.0,0,2005,2005
70,10,2017,2005,4.5000003109531646,1,2005,2017
70,11,2016,2005,5.0,1,2005,2016
70,12,2015,2005,4.0,1,2005,2015
70,13,2005,2004,0.4999947079068662,0,2005,2004
70,14,2005,2004,1.0,0,2005,2004
70,15,2013,2005,2.500154112916795,1,2005,2013
70,16,2012,2005,2.2500001554765827,1,2005,2012
70,17,2016,2005,2.0,1,2005,2016
70,18,2011,2005,3.9998406126009662,1,2005,2011
70,19,2017,2005,3.000000310953165,1,2005,2017
70,20,2006,2005,2.7499948633834483,1,2005,2006
70,21,2020,2005,3.7498379665544,1,2005,2020
70,22,2016,2005,2.0,1,2005,2016
70,23,2017,2005,4.4999947079068665,1,2005,2017
71,0,2019,2005,9.0,1,2019,2005
71,1,2019,2006,8.500000310953165,1,2019,2006
71,2,2019,2014,5.0,1,2019,2014
71,3,2020,2019,3.749997664897999,1,2019,2020
71,4,2019,1996,9.250000155476584,1,2019,1996
71,5,2019,2010,11.0,1,2019,2010
71,6,2019,2008,8.500000310953165,1,2019,2008
71,7,2019,2008,7.500005292093133,1,2019,2008
71,8,2019,2013,7.0,1,2019,2013
71,9,2019,2005,7.0,1,2019,2005
71,10,2019,2017,4.5000003109531646,1,2019,2017
71,11,2019,2016,5.0,1,2019,2016
71,12,2019,2015,4.4999947079068665,1,2019,2015
71,13,2019,2004,7.0,1,2019,2004
71,14,2019,2004,5.5000052920931335,1,2019,2004
71,15,2019,2013,6.0,1,2019,2013
71,16,2019,2012,9.250000155476584,1,2019,2012
71,17,2019,2016,5.0,1,2019,2016
71,18,2019,2011,6.5000052920931335,1,2019,2011
71,19,2019,2017,9.000000310953165,1,2019,2017
71,20,2019,2006,10.250000155476584,1,2019,2006
71,21,2020,2019,6.250002646046567,1,2019,2020
71,22,2019,2016,6.0,1,2019,2016
71,23,2019,2017,4.4999947079068665,1,2019,2017
72,0,2019,2005,9.0,1,2019,2005
72,1,2019,2006,8.500000310953165,1,2019,2006
72,2,2019,2014,5.0,1,2019,2014
72,3,2020,2019,3.749997664897999,1,2019,2020
72,4,2019,1996,9.250000155476584,1,2019,1996
72,5,2019,2010,11.0,1,2019,2010
72,6,2019,2008,8.999198257896007,1,2019,2008
72,7,2019,2008,7.500005292093133,1,2019,2008
72,8,2019,2013,6.499835320507832,1,2019,2013
72,9,2019,2005,7.0,1,2019,2005
72,10,2019,2017,4.5000003109531646,1,2019,2017
72,11,2019,2016,5.4999947079068665,1,2019,2016
72,12,2019,2015,5.0,1,2019,2015
72,13,2019,2004,7.0,1,2019,2004
72,14,2019,2004,5.999203239035976,1,2019,2004
72,15,2019,2013,6.0,1,2019,2013
72,16,2019,2012,8.749198102419424,1,2019,2012
72,17,2019,2016,5.0,1,2019,2016
72,18,2019,2011,6.5000052920931335,1,2019,2011
72,19,2019,2017,9.000000310953165,1,2019,2017
72,20,2019,2006,10.250000155476584,1,2019,2006
72,21,2020,2019,6.250002646046567,1,2019,2020
72,22,2019,2016,6.0,1,2019,2016
72,23,2019,2017,5.0,1,2019,2017
73,0,2019,2005,10.0,1,2019,2005
73,1,2019,2006,8.500000310953165,1,2019,2006
73,2,2019,2014,4.4999947079068665,1,2019,2014
73,3,2020,2019,3.249992372804865,1,2019,2020
73,4,2019,1996,9.749198102419424,1,2019,1996
73,5,2019,2010,11.0,1,2019,2010
73,6,2019,2008,9.249038737419946,1,2019,2008
73,7,2019,2008,7.500005292093133,1,2019,2008
73,8,2019,2013,8.0,1,2019,2013
73,9,2019,2005,7.0,1,2019,2005
73,10,2019,2017,4.5000003109531646,1,2019,2017
73,11,2019,2016,5.0,1,2019,2016
73,12,2019,2015,4.0,1,2019,2015
73,13,2019,2004,7.0,1,2019,2004
73,14,2019,2004,5.5000052920931335,1,2019,2004
73,15,2019,2013,6.251538766995965,1,2019,2013
73,16,2019,2012,8.749198102419424,1,2019,2012
73,17,2019,2016,4.0,1,2019,2016
73,18,2019,2011,6.5000052920931335,1,2019,2011
73,19,2019,2017,9.000000310953165,1,2019,2017
73,20,2019,2006,11.250000155476584,1,2019,2006
73,21,2020,2019,6.749200592989409,1,2019,2020
73,22,2019,2016,7.0,1,2019,2016
73,23,2019,2017,5.0,1,2019,2017
74,0,2019,2005,9.499197946942845,1,2019,2005
74,1,2019,2006,8.500000310953165,1,2019,2006
74,2,2019,2014,3.499994707906866,1,2019,2014
74,3,2020,2019,3.749997664897999,1,2019,2020
74,4,2019,1996,9.250000155476584,1,2019,1996
74,5,2019,2010,11.0,1,2019,2010
74,6,2019,2008,8.999198257896007,1,2019,2008
74,7,2019,2008,7.500005292093133,1,2019,2008
74,8,2019,2013,8.0,1,2019,2013
74,9,2019,2005,7.499197946942842,1,2019,2005
74,10,2019,2017,4.5000003109531646,1,2019,2017
74,11,2019,2016,5.0,1,2019,2016
74,12,2019,2015,4.4999947079068665,1,2019,2015
74,13,2019,2004,7.0,1,2019,2004
74,14,2019,2004,5.999203239035976,1,2019,2004
74,15,2019,2013,6.499197946942842,1,2019,2013
74,16,2019,2012,8.749198102419424,1,2019,2012
74,17,2019,2016,5.0,1,2019,2016
74,18,2019,2011,6.5000052920931335,1,2019,2011
74,19,2019,2017,9.000000310953165,1,2019,2017
74,20,2019,2006,11.250000155476584,1,2019,2006
74,21,2020,2019,6.749200592989409,1,2019,2020
74,22,2019,2016,7.0,1,2019,2016
74,23,2019,2017,4.4999947079068665,1,2019,2017
75,0,2018,2005,9.499197946942845,1,2018,2005
75,1,2018,2006,8.500000310953165,1,2018,2006
75,2,2018,2014,5.0,1,2018,2014
75,3,2020,2018,2.249992372804865,1,2018,2020
75,4,2018,1996,9.250000155476584,1,2018,1996
75,5,2018,2010,11.0,1,2018,2010
75,6,2018,2008,9.500000310953164,1,2018,2008
75,7,2018,2008,7.500005292093133,1,2018,2008
75,8,2018,2013,7.500472975784904,1,2018,2013
75,9,2018,2005,8.0,1,2018,2005
75,10,2018,2017,5.249986195942794,1,2018,2017
75,11,2018,2016,5.0,1,2018,2016
75,12,2018,2015,5.0,1,2018,2015
75,13,2018,2004,7.0,1,2018,2004
75,14,2018,2004,6.5000052920931335,1,2018,2004
75,15,2018,2013,6.0,1,2018,2013
75,16,2018,2012,8.749198102419424,1,2018,2012
75,17,2018,2016,5.0,1,2018,2016
75,18,2018,2011,6.5000052920931335,1,2018,2011
75,19,2018,2017,9.000000310953165,1,2018,2017
75,20,2018,2006,10.749198102419424,1,2018,2006
75,21,2020,2018,7.250002646046567,1,2018,2020
75,22,2018,2016,6.0,1,2018,2016
75,23,2018,2017,5.0,1,2018,2017
76,0,2018,2005,10.0,1,2018,2005
76,1,2018,2006,8.999198257896007,1,2018,2006
76,2,2018,2014,5.0,1,2018,2014
76,3,2020,2018,3.749997664897999,1,2018,2020
76,4,2018,1996,10.250000155476584,1,2018,1996
76,5,2018,2010,11.0,1,2018,2010
76,6,2018,2008,9.500000310953164,1,2018,2008
76,7,2018,2008,7.500005292093133,1,2018,2008
76,8,2018,2013,9.0,1,2018,2013
76,9,2018,2005,8.0,1,2018,2005
76,10,2018,2017,5.5000003109531646,1,2018,2017
76,11,2018,2016,5.0,1,2018,2016
76,12,2018,2015,4.4999947079068665,1,2018,2015
76,13,2018,2004,7.0,1,2018,2004
76,14,2018,2004,6.5000052920931335,1,2018,2004
76,15,2018,2013,7.0,1,2018,2013
76,16,2018,2012,9.250000155476584,1,2018,2012
76,17,2018,2016,4.0,1,2018,2016
76,18,2018,2011,6.999203239035976,1,2018,2011
76,19,2018,2017,10.000000310953164,1,2018,2017
76,20,2018,2006,11.250000155476584,1,2018,2006
76,21,2020,2018,7.250002646046567,1,2018,2020
76,22,2018,2016,8.0,1,2018,2016
76,23,2018,2017,5.0,1,2018,2017
22,0,2016,2005,7.0,1,2016,2005
22,1,2016,2006,6.999835631460997,1,2016,2006
22,2,2016,2014,3.0,1,2016,2014
22,3,2020,2016,5.749997664897999,1,2016,2020
22,4,2016,1996,5.749994863383449,1,2016,1996
22,5,2016,2010,6.500154112916794,1,2016,2010
22,6,2016,2008,8.00047328673807,1,2016,2008
22,7,2016,2008,6.5000052920931335,1,2016,2008
22,8,2016,2013,2.499994707906866,1,2016,2013
22,9,2016,2005,7.0,1,2016,2005
22,10,2017,2016,7.00015442386996,1,2016,2017
22,11,2016,2016,4.0,1,2016,2016
22,12,2016,2015,2.499994707906866,1,2016,2015
22,13,2016,2004,6.0,1,2016,2004
22,14,2016,2004,4.5000052920931335,1,2016,2004
22,15,2016,2013,5.0,1,2016,2013
22,16,2016,2012,7.250000155476583,1,2016,2012
22,17,2016,2016,6.499835320507832,1,2016,2016
22,18,2016,2011,5.5000052920931335,1,2016,2011
22,19,2017,2016,7.499835631460997,1,2016,2017
22,20,2016,2006,10.250000155476584,1,2016,2006
22,21,2020,2016,2.2500026460465667,1,2016,2020
22,22,2016,2016,0.0,0,2016,2016
22,23,2017,2016,2.0,1,2016,2017
23,0,2017,2005,4.4999947079068665,1,2017,2005
23,1,2017,2006,5.5000003109531646,1,2017,2006
23,2,2017,2014,2.0,1,2017,2014
23,3,2020,2017,3.249992372804865,1,2017,2020
23,4,2017,1996,5.250000155476583,1,2017,1996
23,5,2017,2010,11.0,1,2017,2010
23,6,2017,2008,6.999835631460997,1,2017,2008
23,7,2017,2008,4.5000052920931335,1,2017,2008
23,8,2017,2013,1.0,0,2017,2013
23,9,2017,2005,4.500154112916794,1,2017,2005
23,10,2017,2017,5.5000003109531646,1,2017,2017
23,11,2017,2016,2.499994707906866,1,2017,2016
23,12,2017,2015,1.0,0,2017,2015
23,13,2017,2004,5.500472975784904,1,2017,2004
23,14,2017,2004,5.000478267878038,1,2017,2004
23,15,2017,2013,6.0,1,2017,2013
23,16,2017,2012,8.250000155476583,1,2017,2012
23,17,2017,2016,3.0,1,2017,2016
23,18,2017,2011,6.5000052920931335,1,2017,2011
23,19,2017,2017,7.499835631460997,1,2017,2017
23,20,2017,2006,10.250000155476584,1,2017,2006
23,21,2020,2017,0.2500026460465669,0,2017,2020
23,22,2017,2016,1.499994707906866,0,2017,2016
23,23,2017,2017,0.0,0,2017,2017
